Designator,Footprint,Quantity,Value,LCSC Part #
"BOOT1, RST1",SW_PUSH_6mm,2,K2-6639DP-B4SW-04,
"C1, C2",0402,2,27p,
"C10, C11, C13, C14, C15, C16, C4, C6, C7, C9",0402,10,100n,
"C12, C8",0402,2,1u,
"C17, C3, C5",0805,3,10u,
C18,0201,1,4.7nF,
"D1, D10, D11, D12, D13, D14, D15, D16, D17, D18, D19, D2, D20, D21, D22, D23, D24, D25, D26, D27, D28, D29, D3, D30, D31, D32, D33, D34, D35, D36, D37, D38, D39, D4, D40, D41, D42, D43, D44, D45, D46, D47, D48, D49, D5, D50, D51, D52, D53, D54, D55, D56, D57, D58, D59, D6, D60, D61, D62, D63, D64, D65, D66, D67, D68, D69, D7, D70, D71, D72, D73, D74, D75, D76, D8, D9",D_SOD-123,76,D,
"D101, D102, D103, D104, D105, D106, D107, D108",LED_WS2812B_PLCC4_5.0x5.0mm_P3.2mm,8,WS2812B,
"H1, H2, H3, H4, H5, H6, H7",MountingHole_2.2mm_M2_Pad,7,MountingHole,
P1,JLINK_NEEDLE,1,Conn_ARM_JTAG_SWD_10,
"R1, R3",0402,2,1k,
R101,0805,1,500,
"R2, R7",01005,2,5.1k,
R4,0805,1,10K,
"R5, R6",0402,2,27,
R9,0805,1,1M,
"SW1, SW10, SW11, SW12, SW13, SW14, SW15, SW16, SW17, SW18, SW19, SW2, SW20, SW21, SW22, SW23, SW24, SW25, SW26, SW27, SW28, SW29, SW3, SW30, SW31, SW32, SW33, SW34, SW35, SW38, SW39, SW4, SW40, SW41, SW42, SW43, SW44, SW45, SW46, SW47, SW48, SW49, SW5, SW50, SW52, SW53, SW55, SW56, SW57, SW58, SW59, SW6, SW60, SW61, SW62, SW63, SW64, SW65, SW66, SW67, SW68, SW69, SW7, SW70, SW71, SW72, SW73, SW74, SW75, SW76, SW8, SW9",SW_Hotswap_Kailh_MX_1.00u,72,SW_Push,
"SW36, SW37, SW51, SW54",SW_Hotswap_Kailh_MX_2.00u,4,SW_Push,
U1,SOT-223-3_TabPin2,1,NCP1117-3.3_SOT223,
U2,SOIC-8_5.23x5.23mm_P1.27mm,1,W25Q128JVS,
U3,RP2040-QFN-56,1,RP2040,
USB1,USB_C_Receptacle_Molex_105450-0101,1,USB_C_Plug_USB2.0,
Y1,Crystal_SMD_HC49-SD,1,X49SM12MSB2SC,
