﻿designator,quantity,value,pack,mpn,mount_type
"BOOT1, RST1",2,K2-6639DP-B4SW-04,SW_PUSH_6mm,,tht
C1,1,22p,C_0603_1608Metric,,smt
"C10, C11, C13, C14, C15, C16, C4, C6, C7, C9",10,100n,C_0402_1005Metric,,smt
"C12, C3, C5, C8",4,1u,C_0402_1005Metric,,smt
C17,1,10u,C_0603_1608Metric,,smt
C18,1,4.7nF,C_0402_1005Metric,,smt
C2,1,22p,C_0402_1005Metric,,smt
"D1, D10, D11, D12, D13, D14, D15, D16, D17, D18, D19, D2, D20, D21, D22, D23, D24, D25, D26, D27, D28, D29, D3, D30, D31, D32, D33, D34, D35, D36, D37, D38, D39, D4, D40, D41, D42, D43, D44, D45, D46, D47, D48, D49, D5, D50, D51, D52, D53, D54, D55, D56, D57, D58, D59, D6, D60, D61, D62, D63, D64, D65, D66, D67, D68, D69, D7, D70, D71, D72, D73, D74, D75, D76, D8, D9",76,D,D_SOD-123,,smt
F1,1,Fuse_Small,Fuse_1206_3216Metric,,smt
"H1, H2, H3, H4, H5, H6, H7",7,MountingHole,MountingHole_2.2mm_M2_Pad,,tht
J1,1,USB_C_Receptacle_USB2.0,USB_C_Receptacle_HRO_TYPE-C-31-M-12,,smt
"LED1, LED2, LED3, LED4, LED5, LED6, LED7, LED8",8,WS2812B,LED_WS2812B_PLCC4_5.0x5.0mm_P3.2mm,,smt
P1,1,Conn_ARM_JTAG_SWD_10,JLINK_NEEDLE,,tht
"R1, R3",2,1k,R_0402_1005Metric,,smt
"R10, R11, R2, R4, R7, R8",6,5.1k,R_0402_1005Metric,,smt
R101,1,500,R_1210_3225Metric,,smt
"R5, R6",2,27,R_0603_1608Metric,,smt
R9,1,1M,R_0805_2012Metric,,smt
"SW1, SW10, SW11, SW12, SW13, SW14, SW15, SW16, SW17, SW18, SW19, SW2, SW20, SW21, SW22, SW23, SW24, SW25, SW26, SW27, SW28, SW29, SW3, SW30, SW31, SW32, SW33, SW34, SW35, SW38, SW39, SW4, SW40, SW41, SW42, SW43, SW44, SW45, SW46, SW47, SW48, SW49, SW5, SW50, SW52, SW53, SW55, SW56, SW57, SW58, SW59, SW6, SW60, SW61, SW62, SW63, SW64, SW65, SW66, SW67, SW68, SW69, SW7, SW70, SW71, SW72, SW73, SW74, SW75, SW76, SW8, SW9",72,SW_Push,SW_Hotswap_Kailh_MX_1.00u,,smt
"SW36, SW37, SW51, SW54",4,SW_Push,SW_Hotswap_Kailh_MX_2.00u,,smt
U1,1,XC6206PxxxMR,SOT-23-3,,smt
U2,1,W25Q128JVS,SOIC-8_5.23x5.23mm_P1.27mm,,smt
U3,1,RP2040,RP2040-QFN-56,,smt
U4,1,SRV05-4,SOT-23-6-routable,,smt
Y1,1,Crystal_GND24,Crystal_SMD_3225-4Pin_3.2x2.5mm,,smt
