﻿pos_x,pos_y,rotation,side,designator,mpn,pack,value,mount_type,place
194.25,-91.41875,-90.0,bottom,C1,,C_0402_1005Metric,27p,smt,True
211.1375,-89.6938,180.0,bottom,C10,,C_0402_1005Metric,100n,smt,True
211.1375,-97.6313,180.0,bottom,C11,,C_0402_1005Metric,100n,smt,True
211.1375,-93.6625,180.0,bottom,C12,,C_0402_1005Metric,1u,smt,True
211.1375,-74.6125,180.0,bottom,C13,,C_0402_1005Metric,100n,smt,True
211.1375,-78.3862,180.0,bottom,C14,,C_0402_1005Metric,100n,smt,True
211.1375,-82.55,180.0,bottom,C15,,C_0402_1005Metric,100n,smt,True
211.1375,-86.3737,180.0,bottom,C16,,C_0402_1005Metric,100n,smt,True
196.6375,-41.59375,180.0,bottom,C17,,C_0805_2012Metric,10u,smt,True
192.05,-72.33125,-90.0,bottom,C2,,C_0402_1005Metric,27p,smt,True
212.5437,-45.9313,0.0,bottom,C3,,C_0805_2012Metric,10u,smt,True
211.1375,-70.6437,180.0,bottom,C4,,C_0402_1005Metric,100n,smt,True
196.6375,-44.76875,180.0,bottom,C5,,C_0805_2012Metric,10u,smt,True
190.6,-44.75,0.0,bottom,C6,,C_0402_1005Metric,100n,smt,True
190.6,-48.5237,0.0,bottom,C7,,C_0402_1005Metric,100n,smt,True
190.6,-52.7087,0.0,bottom,C8,,C_0402_1005Metric,1u,smt,True
211.1375,-100.80625,180.0,bottom,C9,,C_0402_1005Metric,100n,smt,True
26.19375,-45.24375,90.0,bottom,D1,,D_SOD-123,D,smt,True
288.13125,-40.48125,90.0,bottom,D10,,D_SOD-123,D,smt,True
232.5688,-24.6062,180.0,bottom,D101,,LED_WS2812B_PLCC4_5.0x5.0mm_P3.2mm,WS2812B,smt,True
365.9188,-24.6062,180.0,bottom,D102,,LED_WS2812B_PLCC4_5.0x5.0mm_P3.2mm,WS2812B,smt,True
307.975,-125.4125,180.0,bottom,D103,,LED_WS2812B_PLCC4_5.0x5.0mm_P3.2mm,WS2812B,smt,True
217.4875,-169.0687,180.0,bottom,D104,,LED_WS2812B_PLCC4_5.0x5.0mm_P3.2mm,WS2812B,smt,True
171.45,-169.0687,180.0,bottom,D105,,LED_WS2812B_PLCC4_5.0x5.0mm_P3.2mm,WS2812B,smt,True
80.9625,-125.4125,180.0,bottom,D106,,LED_WS2812B_PLCC4_5.0x5.0mm_P3.2mm,WS2812B,smt,True
23.0188,-24.6062,180.0,bottom,D107,,LED_WS2812B_PLCC4_5.0x5.0mm_P3.2mm,WS2812B,smt,True
157.95,-24.65,180.0,bottom,D108,,LED_WS2812B_PLCC4_5.0x5.0mm_P3.2mm,WS2812B,smt,True
307.18125,-38.1,90.0,bottom,D11,,D_SOD-123,D,smt,True
326.23125,-40.48125,90.0,bottom,D12,,D_SOD-123,D,smt,True
345.28125,-45.24375,90.0,bottom,D13,,D_SOD-123,D,smt,True
369.09375,-45.24375,90.0,bottom,D14,,D_SOD-123,D,smt,True
26.19375,-64.29375,90.0,bottom,D15,,D_SOD-123,D,smt,True
50.00625,-64.29375,90.0,bottom,D16,,D_SOD-123,D,smt,True
69.05625,-59.53125,90.0,bottom,D17,,D_SOD-123,D,smt,True
88.10625,-57.15,90.0,bottom,D18,,D_SOD-123,D,smt,True
107.15625,-59.53125,90.0,bottom,D19,,D_SOD-123,D,smt,True
50.00625,-45.24375,90.0,bottom,D2,,D_SOD-123,D,smt,True
126.20625,-61.9125,90.0,bottom,D20,,D_SOD-123,D,smt,True
145.25625,-61.9125,90.0,bottom,D21,,D_SOD-123,D,smt,True
250.03125,-61.9125,90.0,bottom,D22,,D_SOD-123,D,smt,True
269.08125,-61.9125,90.0,bottom,D23,,D_SOD-123,D,smt,True
288.13125,-59.53125,90.0,bottom,D24,,D_SOD-123,D,smt,True
307.18125,-57.15,90.0,bottom,D25,,D_SOD-123,D,smt,True
326.23125,-59.53125,90.0,bottom,D26,,D_SOD-123,D,smt,True
345.28125,-64.29375,90.0,bottom,D27,,D_SOD-123,D,smt,True
369.09375,-64.29375,90.0,bottom,D28,,D_SOD-123,D,smt,True
26.19375,-83.34375,90.0,bottom,D29,,D_SOD-123,D,smt,True
69.05625,-40.48125,90.0,bottom,D3,,D_SOD-123,D,smt,True
50.00625,-83.34375,90.0,bottom,D30,,D_SOD-123,D,smt,True
69.05625,-78.58125,90.0,bottom,D31,,D_SOD-123,D,smt,True
88.10625,-76.2,90.0,bottom,D32,,D_SOD-123,D,smt,True
107.15625,-78.58125,90.0,bottom,D33,,D_SOD-123,D,smt,True
126.20625,-80.9625,90.0,bottom,D34,,D_SOD-123,D,smt,True
145.25625,-80.9625,90.0,bottom,D35,,D_SOD-123,D,smt,True
132.55625,-131.7625,60.0,bottom,D36,,D_SOD-123,D,smt,True
262.73125,-129.38125,120.0,bottom,D37,,D_SOD-123,D,smt,True
250.03125,-80.9625,90.0,bottom,D38,,D_SOD-123,D,smt,True
269.08125,-80.9625,90.0,bottom,D39,,D_SOD-123,D,smt,True
88.10625,-38.1,90.0,bottom,D4,,D_SOD-123,D,smt,True
288.13125,-78.58125,90.0,bottom,D40,,D_SOD-123,D,smt,True
307.18125,-76.2,90.0,bottom,D41,,D_SOD-123,D,smt,True
326.23125,-78.58125,90.0,bottom,D42,,D_SOD-123,D,smt,True
345.28125,-83.34375,90.0,bottom,D43,,D_SOD-123,D,smt,True
369.09375,-83.34375,90.0,bottom,D44,,D_SOD-123,D,smt,True
26.19375,-102.39375,90.0,bottom,D45,,D_SOD-123,D,smt,True
50.00625,-102.39375,90.0,bottom,D46,,D_SOD-123,D,smt,True
69.05625,-97.63125,90.0,bottom,D47,,D_SOD-123,D,smt,True
88.10625,-95.25,90.0,bottom,D48,,D_SOD-123,D,smt,True
107.15625,-97.63125,90.0,bottom,D49,,D_SOD-123,D,smt,True
107.15625,-40.48125,90.0,bottom,D5,,D_SOD-123,D,smt,True
126.20625,-100.0125,90.0,bottom,D50,,D_SOD-123,D,smt,True
148.43125,-141.2875,60.0,bottom,D51,,D_SOD-123,D,smt,True
162.71875,-116.68125,60.0,bottom,D52,,D_SOD-123,D,smt,True
231.775,-113.50625,120.0,bottom,D53,,D_SOD-123,D,smt,True
246.0625,-138.90625,120.0,bottom,D54,,D_SOD-123,D,smt,True
269.08125,-100.0125,90.0,bottom,D55,,D_SOD-123,D,smt,True
288.13125,-97.63125,90.0,bottom,D56,,D_SOD-123,D,smt,True
307.18125,-95.25,90.0,bottom,D57,,D_SOD-123,D,smt,True
326.23125,-97.63125,90.0,bottom,D58,,D_SOD-123,D,smt,True
345.28125,-102.39375,90.0,bottom,D59,,D_SOD-123,D,smt,True
126.20625,-42.8625,90.0,bottom,D6,,D_SOD-123,D,smt,True
369.09375,-102.39375,90.0,bottom,D60,,D_SOD-123,D,smt,True
30.95625,-121.44375,90.0,bottom,D61,,D_SOD-123,D,smt,True
50.00625,-121.44375,90.0,bottom,D62,,D_SOD-123,D,smt,True
69.05625,-116.68125,90.0,bottom,D63,,D_SOD-123,D,smt,True
88.10625,-114.3,90.0,bottom,D64,,D_SOD-123,D,smt,True
107.15625,-116.68125,90.0,bottom,D65,,D_SOD-123,D,smt,True
160.3375,-159.54375,60.0,bottom,D66,,D_SOD-123,D,smt,True
169.8625,-142.875,60.0,bottom,D67,,D_SOD-123,D,smt,True
179.3875,-126.20625,60.0,bottom,D68,,D_SOD-123,D,smt,True
215.10625,-123.03125,120.0,bottom,D69,,D_SOD-123,D,smt,True
145.25625,-42.8625,90.0,bottom,D7,,D_SOD-123,D,smt,True
224.63125,-139.7,120.0,bottom,D70,,D_SOD-123,D,smt,True
234.15625,-155.575,120.0,bottom,D71,,D_SOD-123,D,smt,True
288.13125,-116.68125,90.0,bottom,D72,,D_SOD-123,D,smt,True
307.18125,-114.3,90.0,bottom,D73,,D_SOD-123,D,smt,True
326.23125,-116.68125,90.0,bottom,D74,,D_SOD-123,D,smt,True
345.28125,-121.44375,90.0,bottom,D75,,D_SOD-123,D,smt,True
364.33125,-121.44375,90.0,bottom,D76,,D_SOD-123,D,smt,True
250.03125,-42.8625,90.0,bottom,D8,,D_SOD-123,D,smt,True
269.08125,-42.8625,90.0,bottom,D9,,D_SOD-123,D,smt,True
194.45,-23.55,0.0,top,H1,,MountingHole_2.2mm_M2_Pad,MountingHole,tht,True
194.45,-171.55,0.0,top,H2,,MountingHole_2.2mm_M2_Pad,MountingHole,tht,True
376.45,-128.05,0.0,top,H3,,MountingHole_2.2mm_M2_Pad,MountingHole,tht,True
13.95,-128.05,0.0,top,H4,,MountingHole_2.2mm_M2_Pad,MountingHole,tht,True
376.45,-23.55,0.0,top,H5,,MountingHole_2.2mm_M2_Pad,MountingHole,tht,True
13.95,-23.05,0.0,top,H6,,MountingHole_2.2mm_M2_Pad,MountingHole,tht,True
229.39375,-45.24375,90.0,bottom,J1,,PinHeader_1x02_P2.54mm_Vertical,Conn_01x02,tht,True
228.95,-48.35,90.0,bottom,R1,,C_0402_1005Metric,1k,smt,True
218.28125,-24.60625,0.0,bottom,R101,,R_0805_2012Metric,500,smt,True
229.4,-51.15,180.0,bottom,R2,,C_0402_1005Metric,DNF,smt,True
192.05,-69.95,-90.0,bottom,R3,,C_0402_1005Metric,1k,smt,True
189.7,-66.55,0.0,bottom,R4,,R_0805_2012Metric,10K,smt,True
202.1,-51.15,180.0,bottom,R5,,C_0402_1005Metric,27,smt,True
200.2,-51.15,180.0,bottom,R6,,C_0402_1005Metric,27,smt,True
23.1775,-41.6687,0.0,top,SW1,,SW_Hotswap_Kailh_MX_1.00u,SW_Push,smt,True
285.115,-36.9062,0.0,top,SW10,,SW_Hotswap_Kailh_MX_1.00u,SW_Push,smt,True
304.165,-34.525,0.0,top,SW11,,SW_Hotswap_Kailh_MX_1.00u,SW_Push,smt,True
323.215,-36.9062,0.0,top,SW12,,SW_Hotswap_Kailh_MX_1.00u,SW_Push,smt,True
342.265,-41.6687,0.0,top,SW13,,SW_Hotswap_Kailh_MX_1.00u,SW_Push,smt,True
366.0775,-41.6687,0.0,top,SW14,,SW_Hotswap_Kailh_MX_1.00u,SW_Push,smt,True
23.1775,-60.7187,0.0,top,SW15,,SW_Hotswap_Kailh_MX_1.00u,SW_Push,smt,True
46.99,-60.7187,0.0,top,SW16,,SW_Hotswap_Kailh_MX_1.00u,SW_Push,smt,True
66.04,-55.9562,0.0,top,SW17,,SW_Hotswap_Kailh_MX_1.00u,SW_Push,smt,True
85.09,-53.575,0.0,top,SW18,,SW_Hotswap_Kailh_MX_1.00u,SW_Push,smt,True
104.14,-55.9562,0.0,top,SW19,,SW_Hotswap_Kailh_MX_1.00u,SW_Push,smt,True
46.99,-41.6687,0.0,top,SW2,,SW_Hotswap_Kailh_MX_1.00u,SW_Push,smt,True
123.19,-58.3375,0.0,top,SW20,,SW_Hotswap_Kailh_MX_1.00u,SW_Push,smt,True
142.24,-58.3375,0.0,top,SW21,,SW_Hotswap_Kailh_MX_1.00u,SW_Push,smt,True
247.015,-58.3375,0.0,top,SW22,,SW_Hotswap_Kailh_MX_1.00u,SW_Push,smt,True
266.065,-58.3375,0.0,top,SW23,,SW_Hotswap_Kailh_MX_1.00u,SW_Push,smt,True
285.115,-55.9562,0.0,top,SW24,,SW_Hotswap_Kailh_MX_1.00u,SW_Push,smt,True
304.165,-53.575,0.0,top,SW25,,SW_Hotswap_Kailh_MX_1.00u,SW_Push,smt,True
323.215,-55.9562,0.0,top,SW26,,SW_Hotswap_Kailh_MX_1.00u,SW_Push,smt,True
342.265,-60.7187,0.0,top,SW27,,SW_Hotswap_Kailh_MX_1.00u,SW_Push,smt,True
366.0775,-60.7187,0.0,top,SW28,,SW_Hotswap_Kailh_MX_1.00u,SW_Push,smt,True
23.1775,-79.7687,0.0,top,SW29,,SW_Hotswap_Kailh_MX_1.00u,SW_Push,smt,True
66.04,-36.9062,0.0,top,SW3,,SW_Hotswap_Kailh_MX_1.00u,SW_Push,smt,True
46.99,-79.7687,0.0,top,SW30,,SW_Hotswap_Kailh_MX_1.00u,SW_Push,smt,True
66.04,-75.0062,0.0,top,SW31,,SW_Hotswap_Kailh_MX_1.00u,SW_Push,smt,True
85.09,-72.625,0.0,top,SW32,,SW_Hotswap_Kailh_MX_1.00u,SW_Push,smt,True
104.14,-75.0062,0.0,top,SW33,,SW_Hotswap_Kailh_MX_1.00u,SW_Push,smt,True
123.19,-77.3875,0.0,top,SW34,,SW_Hotswap_Kailh_MX_1.00u,SW_Push,smt,True
142.24,-77.3875,0.0,top,SW35,,SW_Hotswap_Kailh_MX_1.00u,SW_Push,smt,True
131.4389,-127.2228,-30.0,top,SW36,,SW_Hotswap_Kailh_MX_1.00u,SW_Push,smt,True
257.8161,-127.2228,30.0,top,SW37,,SW_Hotswap_Kailh_MX_1.00u,SW_Push,smt,True
247.015,-77.3875,0.0,top,SW38,,SW_Hotswap_Kailh_MX_1.00u,SW_Push,smt,True
266.065,-77.3875,0.0,top,SW39,,SW_Hotswap_Kailh_MX_1.00u,SW_Push,smt,True
85.09,-34.525,0.0,top,SW4,,SW_Hotswap_Kailh_MX_1.00u,SW_Push,smt,True
285.115,-75.0062,0.0,top,SW40,,SW_Hotswap_Kailh_MX_1.00u,SW_Push,smt,True
304.165,-72.625,0.0,top,SW41,,SW_Hotswap_Kailh_MX_1.00u,SW_Push,smt,True
323.215,-75.0062,0.0,top,SW42,,SW_Hotswap_Kailh_MX_1.00u,SW_Push,smt,True
342.265,-79.7687,0.0,top,SW43,,SW_Hotswap_Kailh_MX_1.00u,SW_Push,smt,True
366.0775,-79.7687,0.0,top,SW44,,SW_Hotswap_Kailh_MX_1.00u,SW_Push,smt,True
23.1775,-98.8187,0.0,top,SW45,,SW_Hotswap_Kailh_MX_1.00u,SW_Push,smt,True
46.99,-98.8187,0.0,top,SW46,,SW_Hotswap_Kailh_MX_1.00u,SW_Push,smt,True
66.04,-94.0562,0.0,top,SW47,,SW_Hotswap_Kailh_MX_1.00u,SW_Push,smt,True
85.09,-91.675,0.0,top,SW48,,SW_Hotswap_Kailh_MX_1.00u,SW_Push,smt,True
104.14,-94.0562,0.0,top,SW49,,SW_Hotswap_Kailh_MX_1.00u,SW_Push,smt,True
104.14,-36.9062,0.0,top,SW5,,SW_Hotswap_Kailh_MX_1.00u,SW_Push,smt,True
123.19,-96.4375,0.0,top,SW50,,SW_Hotswap_Kailh_MX_1.00u,SW_Push,smt,True
147.9367,-136.7478,-30.0,top,SW51,,SW_Hotswap_Kailh_MX_1.00u,SW_Push,smt,True
162.2242,-112.0011,-30.0,top,SW52,,SW_Hotswap_Kailh_MX_1.00u,SW_Push,smt,True
227.0308,-112.0011,30.0,top,SW53,,SW_Hotswap_Kailh_MX_1.00u,SW_Push,smt,True
241.3183,-136.7478,30.0,top,SW54,,SW_Hotswap_Kailh_MX_1.00u,SW_Push,smt,True
266.065,-96.4375,0.0,top,SW55,,SW_Hotswap_Kailh_MX_1.00u,SW_Push,smt,True
285.115,-94.0562,0.0,top,SW56,,SW_Hotswap_Kailh_MX_1.00u,SW_Push,smt,True
304.165,-91.675,0.0,top,SW57,,SW_Hotswap_Kailh_MX_1.00u,SW_Push,smt,True
323.215,-94.0562,0.0,top,SW58,,SW_Hotswap_Kailh_MX_1.00u,SW_Push,smt,True
342.265,-98.8187,0.0,top,SW59,,SW_Hotswap_Kailh_MX_1.00u,SW_Push,smt,True
123.19,-39.2875,0.0,top,SW6,,SW_Hotswap_Kailh_MX_1.00u,SW_Push,smt,True
366.0775,-98.8187,0.0,top,SW60,,SW_Hotswap_Kailh_MX_1.00u,SW_Push,smt,True
27.94,-117.8687,0.0,top,SW61,,SW_Hotswap_Kailh_MX_1.00u,SW_Push,smt,True
46.99,-117.8687,0.0,top,SW62,,SW_Hotswap_Kailh_MX_1.00u,SW_Push,smt,True
66.04,-113.1062,0.0,top,SW63,,SW_Hotswap_Kailh_MX_1.00u,SW_Push,smt,True
85.09,-110.725,0.0,top,SW64,,SW_Hotswap_Kailh_MX_1.00u,SW_Push,smt,True
104.14,-113.1062,0.0,top,SW65,,SW_Hotswap_Kailh_MX_1.00u,SW_Push,smt,True
159.672,-154.5217,-30.0,top,SW66,,SW_Hotswap_Kailh_MX_1.00u,SW_Push,smt,True
169.197,-138.0239,-30.0,top,SW67,,SW_Hotswap_Kailh_MX_1.00u,SW_Push,smt,True
178.722,-121.5261,-30.0,top,SW68,,SW_Hotswap_Kailh_MX_1.00u,SW_Push,smt,True
210.533,-121.5261,30.0,top,SW69,,SW_Hotswap_Kailh_MX_1.00u,SW_Push,smt,True
142.24,-39.2875,0.0,top,SW7,,SW_Hotswap_Kailh_MX_1.00u,SW_Push,smt,True
220.058,-138.0239,30.0,top,SW70,,SW_Hotswap_Kailh_MX_1.00u,SW_Push,smt,True
229.583,-154.5217,30.0,top,SW71,,SW_Hotswap_Kailh_MX_1.00u,SW_Push,smt,True
285.115,-113.1062,0.0,top,SW72,,SW_Hotswap_Kailh_MX_1.00u,SW_Push,smt,True
304.165,-110.725,0.0,top,SW73,,SW_Hotswap_Kailh_MX_1.00u,SW_Push,smt,True
323.215,-113.1062,0.0,top,SW74,,SW_Hotswap_Kailh_MX_1.00u,SW_Push,smt,True
342.265,-117.8687,0.0,top,SW75,,SW_Hotswap_Kailh_MX_1.00u,SW_Push,smt,True
361.315,-117.8687,0.0,top,SW76,,SW_Hotswap_Kailh_MX_1.00u,SW_Push,smt,True
247.015,-39.2875,0.0,top,SW8,,SW_Hotswap_Kailh_MX_1.00u,SW_Push,smt,True
266.065,-39.2875,0.0,top,SW9,,SW_Hotswap_Kailh_MX_1.00u,SW_Push,smt,True
205.4,-43.55,180.0,bottom,U1,,SOT-223-3_TabPin2,NCP1117-3.3_SOT223,smt,True
219.075,-48.41875,90.0,bottom,U2,,SOIC-8_5.23x5.23mm_P1.27mm,W25Q128JVS,smt,True
195.58,-60.96,180.0,bottom,U3,,RP2040-QFN-56,RP2040,smt,True
194.25,-81.1,-90.0,bottom,Y1,,Crystal_SMD_HC49-US,ABLS-12.000MHZ-B4-T,smt,True
