﻿designator,quantity,value,pack,mpn,mount_type
"C1, C2",2,27p,C_0402_1005Metric,,smt
"C10, C11, C13, C14, C15, C16, C4, C6, C7, C9",10,100n,C_0402_1005Metric,,smt
"C12, C8",2,1u,C_0402_1005Metric,,smt
"C17, C3, C5",3,10u,C_0805_2012Metric,,smt
"D1, D10, D11, D12, D13, D14, D15, D16, D17, D18, D19, D2, D20, D21, D22, D23, D24, D25, D26, D27, D28, D29, D3, D30, D31, D32, D33, D34, D35, D36, D37, D38, D39, D4, D40, D41, D42, D43, D44, D45, D46, D47, D48, D49, D5, D50, D51, D52, D53, D54, D55, D56, D57, D58, D59, D6, D60, D61, D62, D63, D64, D65, D66, D67, D68, D69, D7, D70, D71, D72, D73, D74, D75, D76, D8, D9",76,D,D_SOD-123,,smt
"D101, D102, D103, D104, D105, D106, D107, D108",8,WS2812B,LED_WS2812B_PLCC4_5.0x5.0mm_P3.2mm,,smt
"H1, H2, H3, H4, H5, H6",6,MountingHole,MountingHole_2.2mm_M2_Pad,,tht
J1,1,Conn_01x02,PinHeader_1x02_P2.54mm_Vertical,,tht
"R1, R3",2,1k,C_0402_1005Metric,,smt
R101,1,500,R_0805_2012Metric,,smt
R2,1,DNF,C_0402_1005Metric,,smt
R4,1,10K,R_0805_2012Metric,,smt
"R5, R6",2,27,C_0402_1005Metric,,smt
"SW1, SW10, SW11, SW12, SW13, SW14, SW15, SW16, SW17, SW18, SW19, SW2, SW20, SW21, SW22, SW23, SW24, SW25, SW26, SW27, SW28, SW29, SW3, SW30, SW31, SW32, SW33, SW34, SW35, SW36, SW37, SW38, SW39, SW4, SW40, SW41, SW42, SW43, SW44, SW45, SW46, SW47, SW48, SW49, SW5, SW50, SW51, SW52, SW53, SW54, SW55, SW56, SW57, SW58, SW59, SW6, SW60, SW61, SW62, SW63, SW64, SW65, SW66, SW67, SW68, SW69, SW7, SW70, SW71, SW72, SW73, SW74, SW75, SW76, SW8, SW9",76,SW_Push,SW_Hotswap_Kailh_MX_1.00u,,smt
U1,1,NCP1117-3.3_SOT223,SOT-223-3_TabPin2,,smt
U2,1,W25Q128JVS,SOIC-8_5.23x5.23mm_P1.27mm,,smt
U3,1,RP2040,RP2040-QFN-56,,smt
Y1,1,ABLS-12.000MHZ-B4-T,Crystal_SMD_HC49-US,,smt
