﻿pos_x,pos_y,rotation,side,designator,mpn,pack,value,mount_type,place
250.8,-78.71,-90.0,top,BOOT1,,SW_PUSH_6mm,K2-6639DP-B4SW-04,tht,True
221.6,-84.0,-135.0,bottom,C1,,C_0603_1608Metric,22p,smt,True
213.32,-76.1,180.0,bottom,C10,,C_0402_1005Metric,100n,smt,True
224.78,-76.51,0.0,bottom,C11,,C_0402_1005Metric,100n,smt,True
214.685589,-70.524411,135.0,bottom,C12,,C_0402_1005Metric,1u,smt,True
213.139411,-72.049411,135.0,bottom,C13,,C_0402_1005Metric,100n,smt,True
221.560589,-68.065683,-45.0,bottom,C14,,C_0402_1005Metric,100n,smt,True
220.821178,-69.405094,45.0,bottom,C15,,C_0402_1005Metric,100n,smt,True
224.4,-70.21,-135.0,bottom,C16,,C_0402_1005Metric,100n,smt,True
225.8,-58.41,-45.0,bottom,C17,,C_0603_1608Metric,10u,smt,True
211.5,-41.2,0.0,bottom,C18,,C_0402_1005Metric,4.7nF,smt,True
216.5,-82.2,-135.0,bottom,C2,,C_0402_1005Metric,22p,smt,True
228.799999,-59.691083,-90.0,bottom,C3,,C_0402_1005Metric,1u,smt,True
242.9,-57.0,90.0,bottom,C4,,C_0402_1005Metric,100n,smt,True
233.99458,-59.679951,90.0,bottom,C5,,C_0402_1005Metric,1u,smt,True
213.3,-68.46,45.0,bottom,C6,,C_0402_1005Metric,100n,smt,True
214.007107,-69.167107,45.0,bottom,C7,,C_0402_1005Metric,100n,smt,True
215.339411,-69.849411,135.0,bottom,C8,,C_0402_1005Metric,1u,smt,True
213.9,-71.31,135.0,bottom,C9,,C_0402_1005Metric,100n,smt,True
50.3875,-59.39125,90.0,bottom,D1,,D_SOD-123,D,smt,True
312.325,-54.62875,90.0,bottom,D10,,D_SOD-123,D,smt,True
331.375,-52.2475,90.0,bottom,D11,,D_SOD-123,D,smt,True
350.425,-54.62875,90.0,bottom,D12,,D_SOD-123,D,smt,True
369.475,-59.39125,90.0,bottom,D13,,D_SOD-123,D,smt,True
393.2875,-59.39125,90.0,bottom,D14,,D_SOD-123,D,smt,True
50.3875,-78.44125,90.0,bottom,D15,,D_SOD-123,D,smt,True
74.2,-78.44125,90.0,bottom,D16,,D_SOD-123,D,smt,True
93.25,-73.67875,90.0,bottom,D17,,D_SOD-123,D,smt,True
112.3,-71.2975,90.0,bottom,D18,,D_SOD-123,D,smt,True
131.35,-73.67875,90.0,bottom,D19,,D_SOD-123,D,smt,True
74.2,-59.39125,90.0,bottom,D2,,D_SOD-123,D,smt,True
150.4,-76.06,90.0,bottom,D20,,D_SOD-123,D,smt,True
169.45,-76.06,90.0,bottom,D21,,D_SOD-123,D,smt,True
274.225,-76.06,90.0,bottom,D22,,D_SOD-123,D,smt,True
293.275,-76.06,90.0,bottom,D23,,D_SOD-123,D,smt,True
312.325,-73.67875,90.0,bottom,D24,,D_SOD-123,D,smt,True
331.375,-71.2975,90.0,bottom,D25,,D_SOD-123,D,smt,True
350.425,-73.67875,90.0,bottom,D26,,D_SOD-123,D,smt,True
369.475,-78.44125,90.0,bottom,D27,,D_SOD-123,D,smt,True
393.2875,-78.44125,90.0,bottom,D28,,D_SOD-123,D,smt,True
50.3875,-97.49125,90.0,bottom,D29,,D_SOD-123,D,smt,True
93.25,-54.62875,90.0,bottom,D3,,D_SOD-123,D,smt,True
74.2,-97.49125,90.0,bottom,D30,,D_SOD-123,D,smt,True
93.25,-92.72875,90.0,bottom,D31,,D_SOD-123,D,smt,True
112.3,-90.3475,90.0,bottom,D32,,D_SOD-123,D,smt,True
131.35,-92.72875,90.0,bottom,D33,,D_SOD-123,D,smt,True
150.4,-95.11,90.0,bottom,D34,,D_SOD-123,D,smt,True
169.45,-95.11,90.0,bottom,D35,,D_SOD-123,D,smt,True
150.8492,-142.65015,-30.0,bottom,D36,,D_SOD-123,D,smt,True
283.92455,-136.61765,-150.0,bottom,D37,,D_SOD-123,D,smt,True
274.225,-95.11,90.0,bottom,D38,,D_SOD-123,D,smt,True
293.275,-95.11,90.0,bottom,D39,,D_SOD-123,D,smt,True
112.3,-52.2475,90.0,bottom,D4,,D_SOD-123,D,smt,True
312.325,-92.72875,90.0,bottom,D40,,D_SOD-123,D,smt,True
331.375,-90.3475,90.0,bottom,D41,,D_SOD-123,D,smt,True
350.425,-92.72875,90.0,bottom,D42,,D_SOD-123,D,smt,True
369.475,-97.49125,90.0,bottom,D43,,D_SOD-123,D,smt,True
393.2875,-97.49125,90.0,bottom,D44,,D_SOD-123,D,smt,True
50.3875,-116.54125,90.0,bottom,D45,,D_SOD-123,D,smt,True
74.2,-116.54125,90.0,bottom,D46,,D_SOD-123,D,smt,True
93.25,-111.77875,90.0,bottom,D47,,D_SOD-123,D,smt,True
112.3,-109.3975,90.0,bottom,D48,,D_SOD-123,D,smt,True
131.35,-111.77875,90.0,bottom,D49,,D_SOD-123,D,smt,True
131.35,-54.62875,90.0,bottom,D5,,D_SOD-123,D,smt,True
150.4,-114.16,90.0,bottom,D50,,D_SOD-123,D,smt,True
167.347,-151.55235,-30.0,bottom,D51,,D_SOD-123,D,smt,True
186.66875,-130.99125,60.0,bottom,D52,,D_SOD-123,D,smt,True
255.725,-127.81625,120.0,bottom,D53,,D_SOD-123,D,smt,True
267.42675,-146.3136,-150.0,bottom,D54,,D_SOD-123,D,smt,True
293.275,-114.16,90.0,bottom,D55,,D_SOD-123,D,smt,True
312.325,-111.77875,90.0,bottom,D56,,D_SOD-123,D,smt,True
331.375,-109.3975,90.0,bottom,D57,,D_SOD-123,D,smt,True
350.425,-111.77875,90.0,bottom,D58,,D_SOD-123,D,smt,True
369.475,-116.54125,90.0,bottom,D59,,D_SOD-123,D,smt,True
150.4,-57.01,90.0,bottom,D6,,D_SOD-123,D,smt,True
393.2875,-116.54125,90.0,bottom,D60,,D_SOD-123,D,smt,True
55.15,-135.59125,90.0,bottom,D61,,D_SOD-123,D,smt,True
74.2,-135.59125,90.0,bottom,D62,,D_SOD-123,D,smt,True
93.25,-130.82875,90.0,bottom,D63,,D_SOD-123,D,smt,True
112.3,-128.4475,90.0,bottom,D64,,D_SOD-123,D,smt,True
131.35,-130.82875,90.0,bottom,D65,,D_SOD-123,D,smt,True
184.2875,-173.85375,60.0,bottom,D66,,D_SOD-123,D,smt,True
193.8125,-157.185,60.0,bottom,D67,,D_SOD-123,D,smt,True
203.3375,-140.51625,60.0,bottom,D68,,D_SOD-123,D,smt,True
239.05625,-137.34125,120.0,bottom,D69,,D_SOD-123,D,smt,True
169.45,-57.01,90.0,bottom,D7,,D_SOD-123,D,smt,True
248.58125,-154.01,120.0,bottom,D70,,D_SOD-123,D,smt,True
258.10625,-169.885,120.0,bottom,D71,,D_SOD-123,D,smt,True
312.325,-130.82875,90.0,bottom,D72,,D_SOD-123,D,smt,True
331.375,-128.4475,90.0,bottom,D73,,D_SOD-123,D,smt,True
350.425,-130.82875,90.0,bottom,D74,,D_SOD-123,D,smt,True
369.475,-135.59125,90.0,bottom,D75,,D_SOD-123,D,smt,True
388.525,-135.59125,90.0,bottom,D76,,D_SOD-123,D,smt,True
274.225,-57.01,90.0,bottom,D8,,D_SOD-123,D,smt,True
293.275,-57.01,90.0,bottom,D9,,D_SOD-123,D,smt,True
222.9,-45.01,-90.0,bottom,F1,,Fuse_1206_3216Metric,Fuse_Small,smt,True
206.4,-36.9,0.0,top,H1,,MountingHole_2.2mm_M2_Pad,MountingHole,tht,True
218.5,-186.0,0.0,top,H2,,MountingHole_2.2mm_M2_Pad,MountingHole,tht,True
401.95,-142.94,0.0,top,H3,,MountingHole_2.2mm_M2_Pad,MountingHole,tht,True
35.1,-142.9,0.0,top,H4,,MountingHole_2.2mm_M2_Pad,MountingHole,tht,True
402.85,-36.94,0.0,top,H5,,MountingHole_2.2mm_M2_Pad,MountingHole,tht,True
35.1,-36.6,0.0,top,H6,,MountingHole_2.2mm_M2_Pad,MountingHole,tht,True
230.4,-37.0,0.0,top,H7,,MountingHole_2.2mm_M2_Pad,MountingHole,tht,True
218.425,-36.45,0.0,bottom,J1,,USB_C_Receptacle_HRO_TYPE-C-31-M-12,USB_C_Receptacle_USB2.0,smt,True
256.5188,-38.9162,180.0,bottom,LED1,,LED_WS2812B_PLCC4_5.0x5.0mm_P3.2mm,WS2812B,smt,True
389.8688,-38.9162,180.0,bottom,LED2,,LED_WS2812B_PLCC4_5.0x5.0mm_P3.2mm,WS2812B,smt,True
331.925,-139.7225,180.0,bottom,LED3,,LED_WS2812B_PLCC4_5.0x5.0mm_P3.2mm,WS2812B,smt,True
241.4375,-183.3787,180.0,bottom,LED4,,LED_WS2812B_PLCC4_5.0x5.0mm_P3.2mm,WS2812B,smt,True
195.4,-183.3787,180.0,bottom,LED5,,LED_WS2812B_PLCC4_5.0x5.0mm_P3.2mm,WS2812B,smt,True
104.9125,-139.7225,180.0,bottom,LED6,,LED_WS2812B_PLCC4_5.0x5.0mm_P3.2mm,WS2812B,smt,True
46.9688,-38.9162,180.0,bottom,LED7,,LED_WS2812B_PLCC4_5.0x5.0mm_P3.2mm,WS2812B,smt,True
181.9,-38.96,180.0,bottom,LED8,,LED_WS2812B_PLCC4_5.0x5.0mm_P3.2mm,WS2812B,smt,True
199.485,-75.95,90.0,top,P1,,JLINK_NEEDLE,Conn_ARM_JTAG_SWD_10,tht,True
243.4,-78.7,0.0,bottom,R1,,R_0402_1005Metric,1k,smt,True
244.5,-63.9,-90.0,bottom,R10,,R_0402_1005Metric,5.1k,smt,True
250.0,-37.3,0.0,bottom,R101,,R_1210_3225Metric,500,smt,True
213.1,-78.1,0.0,bottom,R11,,R_0402_1005Metric,5.1k,smt,True
217.2,-42.71,90.0,bottom,R2,,R_0402_1005Metric,5.1k,smt,True
217.939376,-80.820624,-135.0,bottom,R3,,R_0402_1005Metric,1k,smt,True
211.0,-78.1,0.0,bottom,R4,,R_0402_1005Metric,5.1k,smt,True
219.075,-65.51,-90.0,bottom,R5,,R_0603_1608Metric,27,smt,True
217.475,-65.51,-90.0,bottom,R6,,R_0603_1608Metric,27,smt,True
220.2,-42.71,90.0,bottom,R7,,R_0402_1005Metric,5.1k,smt,True
244.5,-66.0,-90.0,bottom,R8,,R_0402_1005Metric,5.1k,smt,True
211.1,-39.6,0.0,bottom,R9,,R_0805_2012Metric,1M,smt,True
186.4,-85.56,90.0,top,RST1,,SW_PUSH_6mm,K2-6639DP-B4SW-04,tht,True
47.1275,-55.9787,180.0,bottom,SW1,,SW_Hotswap_Kailh_MX_1.00u,SW_Push,smt,True
309.065,-51.2162,180.0,bottom,SW10,,SW_Hotswap_Kailh_MX_1.00u,SW_Push,smt,True
328.115,-48.835,180.0,bottom,SW11,,SW_Hotswap_Kailh_MX_1.00u,SW_Push,smt,True
347.165,-51.2162,180.0,bottom,SW12,,SW_Hotswap_Kailh_MX_1.00u,SW_Push,smt,True
366.215,-55.9787,180.0,bottom,SW13,,SW_Hotswap_Kailh_MX_1.00u,SW_Push,smt,True
390.0275,-55.9787,180.0,bottom,SW14,,SW_Hotswap_Kailh_MX_1.00u,SW_Push,smt,True
47.1275,-75.0287,180.0,bottom,SW15,,SW_Hotswap_Kailh_MX_1.00u,SW_Push,smt,True
70.94,-75.0287,180.0,bottom,SW16,,SW_Hotswap_Kailh_MX_1.00u,SW_Push,smt,True
89.99,-70.2662,180.0,bottom,SW17,,SW_Hotswap_Kailh_MX_1.00u,SW_Push,smt,True
109.04,-67.885,180.0,bottom,SW18,,SW_Hotswap_Kailh_MX_1.00u,SW_Push,smt,True
128.09,-70.2662,180.0,bottom,SW19,,SW_Hotswap_Kailh_MX_1.00u,SW_Push,smt,True
70.94,-55.9787,180.0,bottom,SW2,,SW_Hotswap_Kailh_MX_1.00u,SW_Push,smt,True
147.14,-72.6475,180.0,bottom,SW20,,SW_Hotswap_Kailh_MX_1.00u,SW_Push,smt,True
166.19,-72.6475,180.0,bottom,SW21,,SW_Hotswap_Kailh_MX_1.00u,SW_Push,smt,True
270.965,-72.6475,180.0,bottom,SW22,,SW_Hotswap_Kailh_MX_1.00u,SW_Push,smt,True
290.015,-72.6475,180.0,bottom,SW23,,SW_Hotswap_Kailh_MX_1.00u,SW_Push,smt,True
309.065,-70.2662,180.0,bottom,SW24,,SW_Hotswap_Kailh_MX_1.00u,SW_Push,smt,True
328.115,-67.885,180.0,bottom,SW25,,SW_Hotswap_Kailh_MX_1.00u,SW_Push,smt,True
347.165,-70.2662,180.0,bottom,SW26,,SW_Hotswap_Kailh_MX_1.00u,SW_Push,smt,True
366.215,-75.0287,180.0,bottom,SW27,,SW_Hotswap_Kailh_MX_1.00u,SW_Push,smt,True
390.0275,-75.0287,180.0,bottom,SW28,,SW_Hotswap_Kailh_MX_1.00u,SW_Push,smt,True
47.1275,-94.0787,180.0,bottom,SW29,,SW_Hotswap_Kailh_MX_1.00u,SW_Push,smt,True
89.99,-51.2162,180.0,bottom,SW3,,SW_Hotswap_Kailh_MX_1.00u,SW_Push,smt,True
70.94,-94.0787,180.0,bottom,SW30,,SW_Hotswap_Kailh_MX_1.00u,SW_Push,smt,True
89.99,-89.3162,180.0,bottom,SW31,,SW_Hotswap_Kailh_MX_1.00u,SW_Push,smt,True
109.04,-86.935,180.0,bottom,SW32,,SW_Hotswap_Kailh_MX_1.00u,SW_Push,smt,True
128.09,-89.3162,180.0,bottom,SW33,,SW_Hotswap_Kailh_MX_1.00u,SW_Push,smt,True
147.14,-91.6975,180.0,bottom,SW34,,SW_Hotswap_Kailh_MX_1.00u,SW_Push,smt,True
166.19,-91.6975,180.0,bottom,SW35,,SW_Hotswap_Kailh_MX_1.00u,SW_Push,smt,True
155.3889,-141.5328,60.0,bottom,SW36,,SW_Hotswap_Kailh_MX_2.00u,SW_Push,smt,True
281.7661,-141.5328,-60.0,bottom,SW37,,SW_Hotswap_Kailh_MX_2.00u,SW_Push,smt,True
270.965,-91.6975,180.0,bottom,SW38,,SW_Hotswap_Kailh_MX_1.00u,SW_Push,smt,True
290.015,-91.6975,180.0,bottom,SW39,,SW_Hotswap_Kailh_MX_1.00u,SW_Push,smt,True
109.04,-48.835,180.0,bottom,SW4,,SW_Hotswap_Kailh_MX_1.00u,SW_Push,smt,True
309.065,-89.3162,180.0,bottom,SW40,,SW_Hotswap_Kailh_MX_1.00u,SW_Push,smt,True
328.115,-86.935,180.0,bottom,SW41,,SW_Hotswap_Kailh_MX_1.00u,SW_Push,smt,True
347.165,-89.3162,180.0,bottom,SW42,,SW_Hotswap_Kailh_MX_1.00u,SW_Push,smt,True
366.215,-94.0787,180.0,bottom,SW43,,SW_Hotswap_Kailh_MX_1.00u,SW_Push,smt,True
390.0275,-94.0787,180.0,bottom,SW44,,SW_Hotswap_Kailh_MX_1.00u,SW_Push,smt,True
47.1275,-113.1287,180.0,bottom,SW45,,SW_Hotswap_Kailh_MX_1.00u,SW_Push,smt,True
70.94,-113.1287,180.0,bottom,SW46,,SW_Hotswap_Kailh_MX_1.00u,SW_Push,smt,True
89.99,-108.3662,180.0,bottom,SW47,,SW_Hotswap_Kailh_MX_1.00u,SW_Push,smt,True
109.04,-105.985,180.0,bottom,SW48,,SW_Hotswap_Kailh_MX_1.00u,SW_Push,smt,True
128.09,-108.3662,180.0,bottom,SW49,,SW_Hotswap_Kailh_MX_1.00u,SW_Push,smt,True
128.09,-51.2162,180.0,bottom,SW5,,SW_Hotswap_Kailh_MX_1.00u,SW_Push,smt,True
147.14,-110.7475,180.0,bottom,SW50,,SW_Hotswap_Kailh_MX_1.00u,SW_Push,smt,True
171.8867,-151.0578,60.0,bottom,SW51,,SW_Hotswap_Kailh_MX_2.00u,SW_Push,smt,True
186.1742,-126.3111,150.0,bottom,SW52,,SW_Hotswap_Kailh_MX_1.00u,SW_Push,smt,True
250.9808,-126.3111,-150.0,bottom,SW53,,SW_Hotswap_Kailh_MX_1.00u,SW_Push,smt,True
265.2683,-151.0578,-60.0,bottom,SW54,,SW_Hotswap_Kailh_MX_2.00u,SW_Push,smt,True
290.015,-110.7475,180.0,bottom,SW55,,SW_Hotswap_Kailh_MX_1.00u,SW_Push,smt,True
309.065,-108.3662,180.0,bottom,SW56,,SW_Hotswap_Kailh_MX_1.00u,SW_Push,smt,True
328.115,-105.985,180.0,bottom,SW57,,SW_Hotswap_Kailh_MX_1.00u,SW_Push,smt,True
347.165,-108.3662,180.0,bottom,SW58,,SW_Hotswap_Kailh_MX_1.00u,SW_Push,smt,True
366.215,-113.1287,180.0,bottom,SW59,,SW_Hotswap_Kailh_MX_1.00u,SW_Push,smt,True
147.14,-53.5975,180.0,bottom,SW6,,SW_Hotswap_Kailh_MX_1.00u,SW_Push,smt,True
390.0275,-113.1287,180.0,bottom,SW60,,SW_Hotswap_Kailh_MX_1.00u,SW_Push,smt,True
51.89,-132.1787,180.0,bottom,SW61,,SW_Hotswap_Kailh_MX_1.00u,SW_Push,smt,True
70.94,-132.1787,180.0,bottom,SW62,,SW_Hotswap_Kailh_MX_1.00u,SW_Push,smt,True
89.99,-127.4162,180.0,bottom,SW63,,SW_Hotswap_Kailh_MX_1.00u,SW_Push,smt,True
109.04,-125.035,180.0,bottom,SW64,,SW_Hotswap_Kailh_MX_1.00u,SW_Push,smt,True
128.09,-127.4162,180.0,bottom,SW65,,SW_Hotswap_Kailh_MX_1.00u,SW_Push,smt,True
183.622,-168.8317,150.0,bottom,SW66,,SW_Hotswap_Kailh_MX_1.00u,SW_Push,smt,True
193.147,-152.3339,150.0,bottom,SW67,,SW_Hotswap_Kailh_MX_1.00u,SW_Push,smt,True
202.672,-135.8361,150.0,bottom,SW68,,SW_Hotswap_Kailh_MX_1.00u,SW_Push,smt,True
234.483,-135.8361,-150.0,bottom,SW69,,SW_Hotswap_Kailh_MX_1.00u,SW_Push,smt,True
166.19,-53.5975,180.0,bottom,SW7,,SW_Hotswap_Kailh_MX_1.00u,SW_Push,smt,True
244.008,-152.3339,-150.0,bottom,SW70,,SW_Hotswap_Kailh_MX_1.00u,SW_Push,smt,True
253.533,-168.8317,-150.0,bottom,SW71,,SW_Hotswap_Kailh_MX_1.00u,SW_Push,smt,True
309.065,-127.4162,180.0,bottom,SW72,,SW_Hotswap_Kailh_MX_1.00u,SW_Push,smt,True
328.115,-125.035,180.0,bottom,SW73,,SW_Hotswap_Kailh_MX_1.00u,SW_Push,smt,True
347.165,-127.4162,180.0,bottom,SW74,,SW_Hotswap_Kailh_MX_1.00u,SW_Push,smt,True
366.215,-132.1787,180.0,bottom,SW75,,SW_Hotswap_Kailh_MX_1.00u,SW_Push,smt,True
385.265,-132.1787,180.0,bottom,SW76,,SW_Hotswap_Kailh_MX_1.00u,SW_Push,smt,True
270.965,-53.5975,180.0,bottom,SW8,,SW_Hotswap_Kailh_MX_1.00u,SW_Push,smt,True
290.015,-53.5975,180.0,bottom,SW9,,SW_Hotswap_Kailh_MX_1.00u,SW_Push,smt,True
231.4,-59.21,180.0,bottom,U1,,SOT-23-3,XC6206PxxxMR,smt,True
241.025,-62.72875,90.0,bottom,U2,,SOIC-8_5.23x5.23mm_P1.27mm,W25Q128JVS,smt,True
219.53,-75.27,180.0,bottom,U3,,RP2040-QFN-56,RP2040,smt,True
218.2,-47.726219,180.0,bottom,U4,,SOT-23-6-routable,SRV05-4,smt,True
219.462634,-82.388858,45.0,bottom,Y1,,Crystal_SMD_3225-4Pin_3.2x2.5mm,Crystal_GND24,smt,True
