[{"pos_x": 194.47, "pos_y": -24.12, "rotation": 0.0, "side": "bottom", "designator": "USB1", "mpn": null, "pack": "USB_C_Receptacle_Molex_105450-0101", "value": "USB_C_Plug_USB2.0", "mount_type": "smt", "place": true}, {"pos_x": 85.09, "pos_y": -53.575, "rotation": 0.0, "side": "top", "designator": "SW18", "mpn": null, "pack": "SW_Hotswap_Kailh_MX_1.00u", "value": "SW_Push", "mount_type": "smt", "place": true}, {"pos_x": 142.24, "pos_y": -77.3875, "rotation": 0.0, "side": "top", "designator": "SW35", "mpn": null, "pack": "SW_Hotswap_Kailh_MX_1.00u", "value": "SW_Push", "mount_type": "smt", "place": true}, {"pos_x": 241.3183, "pos_y": -136.7478, "rotation": 30.0, "side": "top", "designator": "SW54", "mpn": null, "pack": "SW_Hotswap_Kailh_MX_1.00u", "value": "SW_Push", "mount_type": "smt", "place": true}, {"pos_x": 23.1775, "pos_y": -79.7687, "rotation": 0.0, "side": "top", "designator": "SW29", "mpn": null, "pack": "SW_Hotswap_Kailh_MX_1.00u", "value": "SW_Push", "mount_type": "smt", "place": true}, {"pos_x": 304.165, "pos_y": -34.525, "rotation": 0.0, "side": "top", "designator": "SW11", "mpn": null, "pack": "SW_Hotswap_Kailh_MX_1.00u", "value": "SW_Push", "mount_type": "smt", "place": true}, {"pos_x": 361.315, "pos_y": -117.8687, "rotation": 0.0, "side": "top", "designator": "SW76", "mpn": null, "pack": "SW_Hotswap_Kailh_MX_1.00u", "value": "SW_Push", "mount_type": "smt", "place": true}, {"pos_x": 304.165, "pos_y": -91.675, "rotation": 0.0, "side": "top", "designator": "SW57", "mpn": null, "pack": "SW_Hotswap_Kailh_MX_1.00u", "value": "SW_Push", "mount_type": "smt", "place": true}, {"pos_x": 85.09, "pos_y": -91.675, "rotation": 0.0, "side": "top", "designator": "SW48", "mpn": null, "pack": "SW_Hotswap_Kailh_MX_1.00u", "value": "SW_Push", "mount_type": "smt", "place": true}, {"pos_x": 46.99, "pos_y": -98.8187, "rotation": 0.0, "side": "top", "designator": "SW46", "mpn": null, "pack": "SW_Hotswap_Kailh_MX_1.00u", "value": "SW_Push", "mount_type": "smt", "place": true}, {"pos_x": 159.672, "pos_y": -154.5217, "rotation": -30.0, "side": "top", "designator": "SW66", "mpn": null, "pack": "SW_Hotswap_Kailh_MX_1.00u", "value": "SW_Push", "mount_type": "smt", "place": true}, {"pos_x": 304.165, "pos_y": -53.575, "rotation": 0.0, "side": "top", "designator": "SW25", "mpn": null, "pack": "SW_Hotswap_Kailh_MX_1.00u", "value": "SW_Push", "mount_type": "smt", "place": true}, {"pos_x": 323.215, "pos_y": -94.0562, "rotation": 0.0, "side": "top", "designator": "SW58", "mpn": null, "pack": "SW_Hotswap_Kailh_MX_1.00u", "value": "SW_Push", "mount_type": "smt", "place": true}, {"pos_x": 178.722, "pos_y": -121.5261, "rotation": -30.0, "side": "top", "designator": "SW68", "mpn": null, "pack": "SW_Hotswap_Kailh_MX_1.00u", "value": "SW_Push", "mount_type": "smt", "place": true}, {"pos_x": 220.058, "pos_y": -138.0239, "rotation": 30.0, "side": "top", "designator": "SW70", "mpn": null, "pack": "SW_Hotswap_Kailh_MX_1.00u", "value": "SW_Push", "mount_type": "smt", "place": true}, {"pos_x": 342.265, "pos_y": -60.7187, "rotation": 0.0, "side": "top", "designator": "SW27", "mpn": null, "pack": "SW_Hotswap_Kailh_MX_1.00u", "value": "SW_Push", "mount_type": "smt", "place": true}, {"pos_x": 104.14, "pos_y": -55.9562, "rotation": 0.0, "side": "top", "designator": "SW19", "mpn": null, "pack": "SW_Hotswap_Kailh_MX_1.00u", "value": "SW_Push", "mount_type": "smt", "place": true}, {"pos_x": 257.8161, "pos_y": -127.2228, "rotation": 30.0, "side": "top", "designator": "SW37", "mpn": null, "pack": "SW_Hotswap_Kailh_MX_1.00u", "value": "SW_Push", "mount_type": "smt", "place": true}, {"pos_x": 104.14, "pos_y": -94.0562, "rotation": 0.0, "side": "top", "designator": "SW49", "mpn": null, "pack": "SW_Hotswap_Kailh_MX_1.00u", "value": "SW_Push", "mount_type": "smt", "place": true}, {"pos_x": 147.9367, "pos_y": -136.7478, "rotation": -30.0, "side": "top", "designator": "SW51", "mpn": null, "pack": "SW_Hotswap_Kailh_MX_1.00u", "value": "SW_Push", "mount_type": "smt", "place": true}, {"pos_x": 206.45, "pos_y": -23.55, "rotation": 0.0, "side": "top", "designator": "H7", "mpn": null, "pack": "MountingHole_2.2mm_M2_Pad", "value": "MountingHole", "mount_type": "tht", "place": true}, {"pos_x": 85.09, "pos_y": -72.625, "rotation": 0.0, "side": "top", "designator": "SW32", "mpn": null, "pack": "SW_Hotswap_Kailh_MX_1.00u", "value": "SW_Push", "mount_type": "smt", "place": true}, {"pos_x": 104.14, "pos_y": -75.0062, "rotation": 0.0, "side": "top", "designator": "SW33", "mpn": null, "pack": "SW_Hotswap_Kailh_MX_1.00u", "value": "SW_Push", "mount_type": "smt", "place": true}, {"pos_x": 46.99, "pos_y": -41.6687, "rotation": 0.0, "side": "top", "designator": "SW2", "mpn": null, "pack": "SW_Hotswap_Kailh_MX_1.00u", "value": "SW_Push", "mount_type": "smt", "place": true}, {"pos_x": 23.1775, "pos_y": -98.8187, "rotation": 0.0, "side": "top", "designator": "SW45", "mpn": null, "pack": "SW_Hotswap_Kailh_MX_1.00u", "value": "SW_Push", "mount_type": "smt", "place": true}, {"pos_x": 142.24, "pos_y": -58.3375, "rotation": 0.0, "side": "top", "designator": "SW21", "mpn": null, "pack": "SW_Hotswap_Kailh_MX_1.00u", "value": "SW_Push", "mount_type": "smt", "place": true}, {"pos_x": 323.215, "pos_y": -55.9562, "rotation": 0.0, "side": "top", "designator": "SW26", "mpn": null, "pack": "SW_Hotswap_Kailh_MX_1.00u", "value": "SW_Push", "mount_type": "smt", "place": true}, {"pos_x": 285.115, "pos_y": -75.0062, "rotation": 0.0, "side": "top", "designator": "SW40", "mpn": null, "pack": "SW_Hotswap_Kailh_MX_1.00u", "value": "SW_Push", "mount_type": "smt", "place": true}, {"pos_x": 366.0775, "pos_y": -41.6687, "rotation": 0.0, "side": "top", "designator": "SW14", "mpn": null, "pack": "SW_Hotswap_Kailh_MX_1.00u", "value": "SW_Push", "mount_type": "smt", "place": true}, {"pos_x": 123.19, "pos_y": -58.3375, "rotation": 0.0, "side": "top", "designator": "SW20", "mpn": null, "pack": "SW_Hotswap_Kailh_MX_1.00u", "value": "SW_Push", "mount_type": "smt", "place": true}, {"pos_x": 342.265, "pos_y": -117.8687, "rotation": 0.0, "side": "top", "designator": "SW75", "mpn": null, "pack": "SW_Hotswap_Kailh_MX_1.00u", "value": "SW_Push", "mount_type": "smt", "place": true}, {"pos_x": 342.265, "pos_y": -41.6687, "rotation": 0.0, "side": "top", "designator": "SW13", "mpn": null, "pack": "SW_Hotswap_Kailh_MX_1.00u", "value": "SW_Push", "mount_type": "smt", "place": true}, {"pos_x": 366.0775, "pos_y": -98.8187, "rotation": 0.0, "side": "top", "designator": "SW60", "mpn": null, "pack": "SW_Hotswap_Kailh_MX_1.00u", "value": "SW_Push", "mount_type": "smt", "place": true}, {"pos_x": 342.265, "pos_y": -79.7687, "rotation": 0.0, "side": "top", "designator": "SW43", "mpn": null, "pack": "SW_Hotswap_Kailh_MX_1.00u", "value": "SW_Push", "mount_type": "smt", "place": true}, {"pos_x": 123.19, "pos_y": -39.2875, "rotation": 0.0, "side": "top", "designator": "SW6", "mpn": null, "pack": "SW_Hotswap_Kailh_MX_1.00u", "value": "SW_Push", "mount_type": "smt", "place": true}, {"pos_x": 227.0308, "pos_y": -112.0011, "rotation": 30.0, "side": "top", "designator": "SW53", "mpn": null, "pack": "SW_Hotswap_Kailh_MX_1.00u", "value": "SW_Push", "mount_type": "smt", "place": true}, {"pos_x": 323.215, "pos_y": -75.0062, "rotation": 0.0, "side": "top", "designator": "SW42", "mpn": null, "pack": "SW_Hotswap_Kailh_MX_1.00u", "value": "SW_Push", "mount_type": "smt", "place": true}, {"pos_x": 85.09, "pos_y": -34.525, "rotation": 0.0, "side": "top", "designator": "SW4", "mpn": null, "pack": "SW_Hotswap_Kailh_MX_1.00u", "value": "SW_Push", "mount_type": "smt", "place": true}, {"pos_x": 304.165, "pos_y": -72.625, "rotation": 0.0, "side": "top", "designator": "SW41", "mpn": null, "pack": "SW_Hotswap_Kailh_MX_1.00u", "value": "SW_Push", "mount_type": "smt", "place": true}, {"pos_x": 266.065, "pos_y": -77.3875, "rotation": 0.0, "side": "top", "designator": "SW39", "mpn": null, "pack": "SW_Hotswap_Kailh_MX_1.00u", "value": "SW_Push", "mount_type": "smt", "place": true}, {"pos_x": 285.115, "pos_y": -36.9062, "rotation": 0.0, "side": "top", "designator": "SW10", "mpn": null, "pack": "SW_Hotswap_Kailh_MX_1.00u", "value": "SW_Push", "mount_type": "smt", "place": true}, {"pos_x": 27.94, "pos_y": -117.8687, "rotation": 0.0, "side": "top", "designator": "SW61", "mpn": null, "pack": "SW_Hotswap_Kailh_MX_1.00u", "value": "SW_Push", "mount_type": "smt", "place": true}, {"pos_x": 323.215, "pos_y": -113.1062, "rotation": 0.0, "side": "top", "designator": "SW74", "mpn": null, "pack": "SW_Hotswap_Kailh_MX_1.00u", "value": "SW_Push", "mount_type": "smt", "place": true}, {"pos_x": 85.09, "pos_y": -110.725, "rotation": 0.0, "side": "top", "designator": "SW64", "mpn": null, "pack": "SW_Hotswap_Kailh_MX_1.00u", "value": "SW_Push", "mount_type": "smt", "place": true}, {"pos_x": 366.0775, "pos_y": -60.7187, "rotation": 0.0, "side": "top", "designator": "SW28", "mpn": null, "pack": "SW_Hotswap_Kailh_MX_1.00u", "value": "SW_Push", "mount_type": "smt", "place": true}, {"pos_x": 66.04, "pos_y": -75.0062, "rotation": 0.0, "side": "top", "designator": "SW31", "mpn": null, "pack": "SW_Hotswap_Kailh_MX_1.00u", "value": "SW_Push", "mount_type": "smt", "place": true}, {"pos_x": 131.4389, "pos_y": -127.2228, "rotation": -30.0, "side": "top", "designator": "SW36", "mpn": null, "pack": "SW_Hotswap_Kailh_MX_1.00u", "value": "SW_Push", "mount_type": "smt", "place": true}, {"pos_x": 266.065, "pos_y": -58.3375, "rotation": 0.0, "side": "top", "designator": "SW23", "mpn": null, "pack": "SW_Hotswap_Kailh_MX_1.00u", "value": "SW_Push", "mount_type": "smt", "place": true}, {"pos_x": 323.215, "pos_y": -36.9062, "rotation": 0.0, "side": "top", "designator": "SW12", "mpn": null, "pack": "SW_Hotswap_Kailh_MX_1.00u", "value": "SW_Push", "mount_type": "smt", "place": true}, {"pos_x": 266.065, "pos_y": -39.2875, "rotation": 0.0, "side": "top", "designator": "SW9", "mpn": null, "pack": "SW_Hotswap_Kailh_MX_1.00u", "value": "SW_Push", "mount_type": "smt", "place": true}, {"pos_x": 46.99, "pos_y": -79.7687, "rotation": 0.0, "side": "top", "designator": "SW30", "mpn": null, "pack": "SW_Hotswap_Kailh_MX_1.00u", "value": "SW_Push", "mount_type": "smt", "place": true}, {"pos_x": 162.2242, "pos_y": -112.0011, "rotation": -30.0, "side": "top", "designator": "SW52", "mpn": null, "pack": "SW_Hotswap_Kailh_MX_1.00u", "value": "SW_Push", "mount_type": "smt", "place": true}, {"pos_x": 247.015, "pos_y": -39.2875, "rotation": 0.0, "side": "top", "designator": "SW8", "mpn": null, "pack": "SW_Hotswap_Kailh_MX_1.00u", "value": "SW_Push", "mount_type": "smt", "place": true}, {"pos_x": 182.45, "pos_y": -23.45, "rotation": 0.0, "side": "top", "designator": "H1", "mpn": null, "pack": "MountingHole_2.2mm_M2_Pad", "value": "MountingHole", "mount_type": "tht", "place": true}, {"pos_x": 46.99, "pos_y": -60.7187, "rotation": 0.0, "side": "top", "designator": "SW16", "mpn": null, "pack": "SW_Hotswap_Kailh_MX_1.00u", "value": "SW_Push", "mount_type": "smt", "place": true}, {"pos_x": 366.0775, "pos_y": -79.7687, "rotation": 0.0, "side": "top", "designator": "SW44", "mpn": null, "pack": "SW_Hotswap_Kailh_MX_1.00u", "value": "SW_Push", "mount_type": "smt", "place": true}, {"pos_x": 23.1775, "pos_y": -41.6687, "rotation": 0.0, "side": "top", "designator": "SW1", "mpn": null, "pack": "SW_Hotswap_Kailh_MX_1.00u", "value": "SW_Push", "mount_type": "smt", "place": true}, {"pos_x": 376.45, "pos_y": -128.05, "rotation": 0.0, "side": "top", "designator": "H3", "mpn": null, "pack": "MountingHole_2.2mm_M2_Pad", "value": "MountingHole", "mount_type": "tht", "place": true}, {"pos_x": 66.04, "pos_y": -94.0562, "rotation": 0.0, "side": "top", "designator": "SW47", "mpn": null, "pack": "SW_Hotswap_Kailh_MX_1.00u", "value": "SW_Push", "mount_type": "smt", "place": true}, {"pos_x": 376.45, "pos_y": -23.55, "rotation": 0.0, "side": "top", "designator": "H5", "mpn": null, "pack": "MountingHole_2.2mm_M2_Pad", "value": "MountingHole", "mount_type": "tht", "place": true}, {"pos_x": 247.015, "pos_y": -58.3375, "rotation": 0.0, "side": "top", "designator": "SW22", "mpn": null, "pack": "SW_Hotswap_Kailh_MX_1.00u", "value": "SW_Push", "mount_type": "smt", "place": true}, {"pos_x": 342.265, "pos_y": -98.8187, "rotation": 0.0, "side": "top", "designator": "SW59", "mpn": null, "pack": "SW_Hotswap_Kailh_MX_1.00u", "value": "SW_Push", "mount_type": "smt", "place": true}, {"pos_x": 104.14, "pos_y": -36.9062, "rotation": 0.0, "side": "top", "designator": "SW5", "mpn": null, "pack": "SW_Hotswap_Kailh_MX_1.00u", "value": "SW_Push", "mount_type": "smt", "place": true}, {"pos_x": 210.533, "pos_y": -121.5261, "rotation": 30.0, "side": "top", "designator": "SW69", "mpn": null, "pack": "SW_Hotswap_Kailh_MX_1.00u", "value": "SW_Push", "mount_type": "smt", "place": true}, {"pos_x": 66.04, "pos_y": -36.9062, "rotation": 0.0, "side": "top", "designator": "SW3", "mpn": null, "pack": "SW_Hotswap_Kailh_MX_1.00u", "value": "SW_Push", "mount_type": "smt", "place": true}, {"pos_x": 66.04, "pos_y": -55.9562, "rotation": 0.0, "side": "top", "designator": "SW17", "mpn": null, "pack": "SW_Hotswap_Kailh_MX_1.00u", "value": "SW_Push", "mount_type": "smt", "place": true}, {"pos_x": 229.583, "pos_y": -154.5217, "rotation": 30.0, "side": "top", "designator": "SW71", "mpn": null, "pack": "SW_Hotswap_Kailh_MX_1.00u", "value": "SW_Push", "mount_type": "smt", "place": true}, {"pos_x": 285.115, "pos_y": -55.9562, "rotation": 0.0, "side": "top", "designator": "SW24", "mpn": null, "pack": "SW_Hotswap_Kailh_MX_1.00u", "value": "SW_Push", "mount_type": "smt", "place": true}, {"pos_x": 66.04, "pos_y": -113.1062, "rotation": 0.0, "side": "top", "designator": "SW63", "mpn": null, "pack": "SW_Hotswap_Kailh_MX_1.00u", "value": "SW_Push", "mount_type": "smt", "place": true}, {"pos_x": 13.95, "pos_y": -23.05, "rotation": 0.0, "side": "top", "designator": "H6", "mpn": null, "pack": "MountingHole_2.2mm_M2_Pad", "value": "MountingHole", "mount_type": "tht", "place": true}, {"pos_x": 169.197, "pos_y": -138.0239, "rotation": -30.0, "side": "top", "designator": "SW67", "mpn": null, "pack": "SW_Hotswap_Kailh_MX_1.00u", "value": "SW_Push", "mount_type": "smt", "place": true}, {"pos_x": 104.14, "pos_y": -113.1062, "rotation": 0.0, "side": "top", "designator": "SW65", "mpn": null, "pack": "SW_Hotswap_Kailh_MX_1.00u", "value": "SW_Push", "mount_type": "smt", "place": true}, {"pos_x": 285.115, "pos_y": -113.1062, "rotation": 0.0, "side": "top", "designator": "SW72", "mpn": null, "pack": "SW_Hotswap_Kailh_MX_1.00u", "value": "SW_Push", "mount_type": "smt", "place": true}, {"pos_x": 46.99, "pos_y": -117.8687, "rotation": 0.0, "side": "top", "designator": "SW62", "mpn": null, "pack": "SW_Hotswap_Kailh_MX_1.00u", "value": "SW_Push", "mount_type": "smt", "place": true}, {"pos_x": 304.165, "pos_y": -110.725, "rotation": 0.0, "side": "top", "designator": "SW73", "mpn": null, "pack": "SW_Hotswap_Kailh_MX_1.00u", "value": "SW_Push", "mount_type": "smt", "place": true}, {"pos_x": 23.1775, "pos_y": -60.7187, "rotation": 0.0, "side": "top", "designator": "SW15", "mpn": null, "pack": "SW_Hotswap_Kailh_MX_1.00u", "value": "SW_Push", "mount_type": "smt", "place": true}, {"pos_x": 142.24, "pos_y": -39.2875, "rotation": 0.0, "side": "top", "designator": "SW7", "mpn": null, "pack": "SW_Hotswap_Kailh_MX_1.00u", "value": "SW_Push", "mount_type": "smt", "place": true}, {"pos_x": 194.45, "pos_y": -171.55, "rotation": 0.0, "side": "top", "designator": "H2", "mpn": null, "pack": "MountingHole_2.2mm_M2_Pad", "value": "MountingHole", "mount_type": "tht", "place": true}, {"pos_x": 123.19, "pos_y": -77.3875, "rotation": 0.0, "side": "top", "designator": "SW34", "mpn": null, "pack": "SW_Hotswap_Kailh_MX_1.00u", "value": "SW_Push", "mount_type": "smt", "place": true}, {"pos_x": 266.065, "pos_y": -96.4375, "rotation": 0.0, "side": "top", "designator": "SW55", "mpn": null, "pack": "SW_Hotswap_Kailh_MX_1.00u", "value": "SW_Push", "mount_type": "smt", "place": true}, {"pos_x": 123.19, "pos_y": -96.4375, "rotation": 0.0, "side": "top", "designator": "SW50", "mpn": null, "pack": "SW_Hotswap_Kailh_MX_1.00u", "value": "SW_Push", "mount_type": "smt", "place": true}, {"pos_x": 247.015, "pos_y": -77.3875, "rotation": 0.0, "side": "top", "designator": "SW38", "mpn": null, "pack": "SW_Hotswap_Kailh_MX_1.00u", "value": "SW_Push", "mount_type": "smt", "place": true}, {"pos_x": 13.95, "pos_y": -128.05, "rotation": 0.0, "side": "top", "designator": "H4", "mpn": null, "pack": "MountingHole_2.2mm_M2_Pad", "value": "MountingHole", "mount_type": "tht", "place": true}, {"pos_x": 285.115, "pos_y": -94.0562, "rotation": 0.0, "side": "top", "designator": "SW56", "mpn": null, "pack": "SW_Hotswap_Kailh_MX_1.00u", "value": "SW_Push", "mount_type": "smt", "place": true}, {"pos_x": 288.13125, "pos_y": -40.48125, "rotation": 90.0, "side": "bottom", "designator": "D10", "mpn": null, "pack": "D_SOD-123", "value": "D", "mount_type": "smt", "place": true}, {"pos_x": 145.25625, "pos_y": -61.9125, "rotation": 90.0, "side": "bottom", "designator": "D21", "mpn": null, "pack": "D_SOD-123", "value": "D", "mount_type": "smt", "place": true}, {"pos_x": 232.5688, "pos_y": -24.6062, "rotation": 180.0, "side": "bottom", "designator": "D101", "mpn": null, "pack": "LED_WS2812B_PLCC4_5.0x5.0mm_P3.2mm", "value": "WS2812B", "mount_type": "smt", "place": true}, {"pos_x": 50.00625, "pos_y": -64.29375, "rotation": 90.0, "side": "bottom", "designator": "D16", "mpn": null, "pack": "D_SOD-123", "value": "D", "mount_type": "smt", "place": true}, {"pos_x": 369.09375, "pos_y": -102.39375, "rotation": 90.0, "side": "bottom", "designator": "D60", "mpn": null, "pack": "D_SOD-123", "value": "D", "mount_type": "smt", "place": true}, {"pos_x": 190.6, "pos_y": -48.5237, "rotation": 0.0, "side": "bottom", "designator": "C7", "mpn": null, "pack": "C_0402_1005Metric", "value": "100n", "mount_type": "smt", "place": true}, {"pos_x": 307.18125, "pos_y": -38.1, "rotation": 90.0, "side": "bottom", "designator": "D11", "mpn": null, "pack": "D_SOD-123", "value": "D", "mount_type": "smt", "place": true}, {"pos_x": 218.28125, "pos_y": -24.60625, "rotation": 0.0, "side": "bottom", "designator": "R101", "mpn": null, "pack": "R_0805_2012Metric", "value": "500", "mount_type": "smt", "place": true}, {"pos_x": 219.075, "pos_y": -48.41875, "rotation": 90.0, "side": "bottom", "designator": "U2", "mpn": null, "pack": "SOIC-8_5.23x5.23mm_P1.27mm", "value": "W25Q128JVS", "mount_type": "smt", "place": true}, {"pos_x": 211.1375, "pos_y": -100.80625, "rotation": 180.0, "side": "bottom", "designator": "C9", "mpn": null, "pack": "C_0402_1005Metric", "value": "100n", "mount_type": "smt", "place": true}, {"pos_x": 215.10625, "pos_y": -123.03125, "rotation": 120.0, "side": "bottom", "designator": "D69", "mpn": null, "pack": "D_SOD-123", "value": "D", "mount_type": "smt", "place": true}, {"pos_x": 250.03125, "pos_y": -80.9625, "rotation": 90.0, "side": "bottom", "designator": "D38", "mpn": null, "pack": "D_SOD-123", "value": "D", "mount_type": "smt", "place": true}, {"pos_x": 345.28125, "pos_y": -102.39375, "rotation": 90.0, "side": "bottom", "designator": "D59", "mpn": null, "pack": "D_SOD-123", "value": "D", "mount_type": "smt", "place": true}, {"pos_x": 69.05625, "pos_y": -40.48125, "rotation": 90.0, "side": "bottom", "designator": "D3", "mpn": null, "pack": "D_SOD-123", "value": "D", "mount_type": "smt", "place": true}, {"pos_x": 88.10625, "pos_y": -57.15, "rotation": 90.0, "side": "bottom", "designator": "D18", "mpn": null, "pack": "D_SOD-123", "value": "D", "mount_type": "smt", "place": true}, {"pos_x": 157.95, "pos_y": -24.65, "rotation": 180.0, "side": "bottom", "designator": "D108", "mpn": null, "pack": "LED_WS2812B_PLCC4_5.0x5.0mm_P3.2mm", "value": "WS2812B", "mount_type": "smt", "place": true}, {"pos_x": 211.1375, "pos_y": -89.6938, "rotation": 180.0, "side": "bottom", "designator": "C10", "mpn": null, "pack": "C_0402_1005Metric", "value": "100n", "mount_type": "smt", "place": true}, {"pos_x": 26.19375, "pos_y": -83.34375, "rotation": 90.0, "side": "bottom", "designator": "D29", "mpn": null, "pack": "D_SOD-123", "value": "D", "mount_type": "smt", "place": true}, {"pos_x": 269.08125, "pos_y": -61.9125, "rotation": 90.0, "side": "bottom", "designator": "D23", "mpn": null, "pack": "D_SOD-123", "value": "D", "mount_type": "smt", "place": true}, {"pos_x": 107.15625, "pos_y": -116.68125, "rotation": 90.0, "side": "bottom", "designator": "D65", "mpn": null, "pack": "D_SOD-123", "value": "D", "mount_type": "smt", "place": true}, {"pos_x": 198.67, "pos_y": -50.45, "rotation": 180.0, "side": "bottom", "designator": "R6", "mpn": null, "pack": "C_0402_1005Metric", "value": "27", "mount_type": "smt", "place": true}, {"pos_x": 345.28125, "pos_y": -64.29375, "rotation": 90.0, "side": "bottom", "designator": "D27", "mpn": null, "pack": "D_SOD-123", "value": "D", "mount_type": "smt", "place": true}, {"pos_x": 269.08125, "pos_y": -42.8625, "rotation": 90.0, "side": "bottom", "designator": "D9", "mpn": null, "pack": "D_SOD-123", "value": "D", "mount_type": "smt", "place": true}, {"pos_x": 364.33125, "pos_y": -121.44375, "rotation": 90.0, "side": "bottom", "designator": "D76", "mpn": null, "pack": "D_SOD-123", "value": "D", "mount_type": "smt", "place": true}, {"pos_x": 211.1375, "pos_y": -78.3862, "rotation": 180.0, "side": "bottom", "designator": "C14", "mpn": null, "pack": "C_0402_1005Metric", "value": "100n", "mount_type": "smt", "place": true}, {"pos_x": 211.1375, "pos_y": -93.6625, "rotation": 180.0, "side": "bottom", "designator": "C12", "mpn": null, "pack": "C_0402_1005Metric", "value": "1u", "mount_type": "smt", "place": true}, {"pos_x": 288.13125, "pos_y": -59.53125, "rotation": 90.0, "side": "bottom", "designator": "D24", "mpn": null, "pack": "D_SOD-123", "value": "D", "mount_type": "smt", "place": true}, {"pos_x": 26.19375, "pos_y": -45.24375, "rotation": 90.0, "side": "bottom", "designator": "D1", "mpn": null, "pack": "D_SOD-123", "value": "D", "mount_type": "smt", "place": true}, {"pos_x": 365.9188, "pos_y": -24.6062, "rotation": 180.0, "side": "bottom", "designator": "D102", "mpn": null, "pack": "LED_WS2812B_PLCC4_5.0x5.0mm_P3.2mm", "value": "WS2812B", "mount_type": "smt", "place": true}, {"pos_x": 30.95625, "pos_y": -121.44375, "rotation": 90.0, "side": "bottom", "designator": "D61", "mpn": null, "pack": "D_SOD-123", "value": "D", "mount_type": "smt", "place": true}, {"pos_x": 262.73125, "pos_y": -129.38125, "rotation": 120.0, "side": "bottom", "designator": "D37", "mpn": null, "pack": "D_SOD-123", "value": "D", "mount_type": "smt", "place": true}, {"pos_x": 288.13125, "pos_y": -97.63125, "rotation": 90.0, "side": "bottom", "designator": "D56", "mpn": null, "pack": "D_SOD-123", "value": "D", "mount_type": "smt", "place": true}, {"pos_x": 234.15625, "pos_y": -155.575, "rotation": 120.0, "side": "bottom", "designator": "D71", "mpn": null, "pack": "D_SOD-123", "value": "D", "mount_type": "smt", "place": true}, {"pos_x": 88.10625, "pos_y": -76.2, "rotation": 90.0, "side": "bottom", "designator": "D32", "mpn": null, "pack": "D_SOD-123", "value": "D", "mount_type": "smt", "place": true}, {"pos_x": 195.58, "pos_y": -60.96, "rotation": 180.0, "side": "bottom", "designator": "U3", "mpn": null, "pack": "RP2040-QFN-56", "value": "RP2040", "mount_type": "smt", "place": true}, {"pos_x": 171.45, "pos_y": -169.0687, "rotation": 180.0, "side": "bottom", "designator": "D105", "mpn": null, "pack": "LED_WS2812B_PLCC4_5.0x5.0mm_P3.2mm", "value": "WS2812B", "mount_type": "smt", "place": true}, {"pos_x": 126.20625, "pos_y": -61.9125, "rotation": 90.0, "side": "bottom", "designator": "D20", "mpn": null, "pack": "D_SOD-123", "value": "D", "mount_type": "smt", "place": true}, {"pos_x": 192.05, "pos_y": -72.33125, "rotation": -90.0, "side": "bottom", "designator": "C2", "mpn": null, "pack": "C_0402_1005Metric", "value": "27p", "mount_type": "smt", "place": true}, {"pos_x": 107.15625, "pos_y": -40.48125, "rotation": 90.0, "side": "bottom", "designator": "D5", "mpn": null, "pack": "D_SOD-123", "value": "D", "mount_type": "smt", "place": true}, {"pos_x": 69.05625, "pos_y": -97.63125, "rotation": 90.0, "side": "bottom", "designator": "D47", "mpn": null, "pack": "D_SOD-123", "value": "D", "mount_type": "smt", "place": true}, {"pos_x": 145.25625, "pos_y": -42.8625, "rotation": 90.0, "side": "bottom", "designator": "D7", "mpn": null, "pack": "D_SOD-123", "value": "D", "mount_type": "smt", "place": true}, {"pos_x": 345.28125, "pos_y": -83.34375, "rotation": 90.0, "side": "bottom", "designator": "D43", "mpn": null, "pack": "D_SOD-123", "value": "D", "mount_type": "smt", "place": true}, {"pos_x": 69.05625, "pos_y": -116.68125, "rotation": 90.0, "side": "bottom", "designator": "D63", "mpn": null, "pack": "D_SOD-123", "value": "D", "mount_type": "smt", "place": true}, {"pos_x": 211.1375, "pos_y": -70.6437, "rotation": 180.0, "side": "bottom", "designator": "C4", "mpn": null, "pack": "C_0402_1005Metric", "value": "100n", "mount_type": "smt", "place": true}, {"pos_x": 190.6, "pos_y": -44.75, "rotation": 0.0, "side": "bottom", "designator": "C6", "mpn": null, "pack": "C_0402_1005Metric", "value": "100n", "mount_type": "smt", "place": true}, {"pos_x": 189.7, "pos_y": -66.55, "rotation": 0.0, "side": "bottom", "designator": "R4", "mpn": null, "pack": "R_0805_2012Metric", "value": "10K", "mount_type": "smt", "place": true}, {"pos_x": 211.1375, "pos_y": -86.3737, "rotation": 180.0, "side": "bottom", "designator": "C16", "mpn": null, "pack": "C_0402_1005Metric", "value": "100n", "mount_type": "smt", "place": true}, {"pos_x": 132.55625, "pos_y": -131.7625, "rotation": 60.0, "side": "bottom", "designator": "D36", "mpn": null, "pack": "D_SOD-123", "value": "D", "mount_type": "smt", "place": true}, {"pos_x": 69.05625, "pos_y": -78.58125, "rotation": 90.0, "side": "bottom", "designator": "D31", "mpn": null, "pack": "D_SOD-123", "value": "D", "mount_type": "smt", "place": true}, {"pos_x": 126.20625, "pos_y": -100.0125, "rotation": 90.0, "side": "bottom", "designator": "D50", "mpn": null, "pack": "D_SOD-123", "value": "D", "mount_type": "smt", "place": true}, {"pos_x": 107.15625, "pos_y": -97.63125, "rotation": 90.0, "side": "bottom", "designator": "D49", "mpn": null, "pack": "D_SOD-123", "value": "D", "mount_type": "smt", "place": true}, {"pos_x": 345.28125, "pos_y": -121.44375, "rotation": 90.0, "side": "bottom", "designator": "D75", "mpn": null, "pack": "D_SOD-123", "value": "D", "mount_type": "smt", "place": true}, {"pos_x": 162.71875, "pos_y": -116.68125, "rotation": 60.0, "side": "bottom", "designator": "D52", "mpn": null, "pack": "D_SOD-123", "value": "D", "mount_type": "smt", "place": true}, {"pos_x": 369.09375, "pos_y": -83.34375, "rotation": 90.0, "side": "bottom", "designator": "D44", "mpn": null, "pack": "D_SOD-123", "value": "D", "mount_type": "smt", "place": true}, {"pos_x": 69.05625, "pos_y": -59.53125, "rotation": 90.0, "side": "bottom", "designator": "D17", "mpn": null, "pack": "D_SOD-123", "value": "D", "mount_type": "smt", "place": true}, {"pos_x": 50.00625, "pos_y": -83.34375, "rotation": 90.0, "side": "bottom", "designator": "D30", "mpn": null, "pack": "D_SOD-123", "value": "D", "mount_type": "smt", "place": true}, {"pos_x": 269.08125, "pos_y": -100.0125, "rotation": 90.0, "side": "bottom", "designator": "D55", "mpn": null, "pack": "D_SOD-123", "value": "D", "mount_type": "smt", "place": true}, {"pos_x": 50.00625, "pos_y": -121.44375, "rotation": 90.0, "side": "bottom", "designator": "D62", "mpn": null, "pack": "D_SOD-123", "value": "D", "mount_type": "smt", "place": true}, {"pos_x": 194.25, "pos_y": -81.1, "rotation": -90.0, "side": "bottom", "designator": "Y1", "mpn": null, "pack": "Crystal_SMD_HC49-US", "value": "ABLS-12.000MHZ-B4-T", "mount_type": "smt", "place": true}, {"pos_x": 145.25625, "pos_y": -80.9625, "rotation": 90.0, "side": "bottom", "designator": "D35", "mpn": null, "pack": "D_SOD-123", "value": "D", "mount_type": "smt", "place": true}, {"pos_x": 194.25, "pos_y": -91.41875, "rotation": -90.0, "side": "bottom", "designator": "C1", "mpn": null, "pack": "C_0402_1005Metric", "value": "27p", "mount_type": "smt", "place": true}, {"pos_x": 196.6375, "pos_y": -41.59375, "rotation": 180.0, "side": "bottom", "designator": "C17", "mpn": null, "pack": "C_0805_2012Metric", "value": "10u", "mount_type": "smt", "place": true}, {"pos_x": 190.6, "pos_y": -52.7087, "rotation": 0.0, "side": "bottom", "designator": "C8", "mpn": null, "pack": "C_0402_1005Metric", "value": "1u", "mount_type": "smt", "place": true}, {"pos_x": 192.05, "pos_y": -69.95, "rotation": -90.0, "side": "bottom", "designator": "R3", "mpn": null, "pack": "C_0402_1005Metric", "value": "1k", "mount_type": "smt", "place": true}, {"pos_x": 217.4875, "pos_y": -169.0687, "rotation": 180.0, "side": "bottom", "designator": "D104", "mpn": null, "pack": "LED_WS2812B_PLCC4_5.0x5.0mm_P3.2mm", "value": "WS2812B", "mount_type": "smt", "place": true}, {"pos_x": 288.13125, "pos_y": -78.58125, "rotation": 90.0, "side": "bottom", "designator": "D40", "mpn": null, "pack": "D_SOD-123", "value": "D", "mount_type": "smt", "place": true}, {"pos_x": 212.5437, "pos_y": -45.9313, "rotation": 0.0, "side": "bottom", "designator": "C3", "mpn": null, "pack": "C_0805_2012Metric", "value": "10u", "mount_type": "smt", "place": true}, {"pos_x": 345.28125, "pos_y": -45.24375, "rotation": 90.0, "side": "bottom", "designator": "D13", "mpn": null, "pack": "D_SOD-123", "value": "D", "mount_type": "smt", "place": true}, {"pos_x": 326.23125, "pos_y": -40.48125, "rotation": 90.0, "side": "bottom", "designator": "D12", "mpn": null, "pack": "D_SOD-123", "value": "D", "mount_type": "smt", "place": true}, {"pos_x": 50.00625, "pos_y": -45.24375, "rotation": 90.0, "side": "bottom", "designator": "D2", "mpn": null, "pack": "D_SOD-123", "value": "D", "mount_type": "smt", "place": true}, {"pos_x": 326.23125, "pos_y": -97.63125, "rotation": 90.0, "side": "bottom", "designator": "D58", "mpn": null, "pack": "D_SOD-123", "value": "D", "mount_type": "smt", "place": true}, {"pos_x": 88.10625, "pos_y": -114.3, "rotation": 90.0, "side": "bottom", "designator": "D64", "mpn": null, "pack": "D_SOD-123", "value": "D", "mount_type": "smt", "place": true}, {"pos_x": 231.775, "pos_y": -113.50625, "rotation": 120.0, "side": "bottom", "designator": "D53", "mpn": null, "pack": "D_SOD-123", "value": "D", "mount_type": "smt", "place": true}, {"pos_x": 148.43125, "pos_y": -141.2875, "rotation": 60.0, "side": "bottom", "designator": "D51", "mpn": null, "pack": "D_SOD-123", "value": "D", "mount_type": "smt", "place": true}, {"pos_x": 196.6375, "pos_y": -44.76875, "rotation": 180.0, "side": "bottom", "designator": "C5", "mpn": null, "pack": "C_0805_2012Metric", "value": "10u", "mount_type": "smt", "place": true}, {"pos_x": 250.03125, "pos_y": -42.8625, "rotation": 90.0, "side": "bottom", "designator": "D8", "mpn": null, "pack": "D_SOD-123", "value": "D", "mount_type": "smt", "place": true}, {"pos_x": 211.1375, "pos_y": -82.55, "rotation": 180.0, "side": "bottom", "designator": "C15", "mpn": null, "pack": "C_0402_1005Metric", "value": "100n", "mount_type": "smt", "place": true}, {"pos_x": 200.55, "pos_y": -50.45, "rotation": 0.0, "side": "bottom", "designator": "R5", "mpn": null, "pack": "C_0402_1005Metric", "value": "27", "mount_type": "smt", "place": true}, {"pos_x": 179.3875, "pos_y": -126.20625, "rotation": 60.0, "side": "bottom", "designator": "D68", "mpn": null, "pack": "D_SOD-123", "value": "D", "mount_type": "smt", "place": true}, {"pos_x": 250.03125, "pos_y": -61.9125, "rotation": 90.0, "side": "bottom", "designator": "D22", "mpn": null, "pack": "D_SOD-123", "value": "D", "mount_type": "smt", "place": true}, {"pos_x": 23.0188, "pos_y": -24.6062, "rotation": 180.0, "side": "bottom", "designator": "D107", "mpn": null, "pack": "LED_WS2812B_PLCC4_5.0x5.0mm_P3.2mm", "value": "WS2812B", "mount_type": "smt", "place": true}, {"pos_x": 288.13125, "pos_y": -116.68125, "rotation": 90.0, "side": "bottom", "designator": "D72", "mpn": null, "pack": "D_SOD-123", "value": "D", "mount_type": "smt", "place": true}, {"pos_x": 307.18125, "pos_y": -57.15, "rotation": 90.0, "side": "bottom", "designator": "D25", "mpn": null, "pack": "D_SOD-123", "value": "D", "mount_type": "smt", "place": true}, {"pos_x": 107.15625, "pos_y": -59.53125, "rotation": 90.0, "side": "bottom", "designator": "D19", "mpn": null, "pack": "D_SOD-123", "value": "D", "mount_type": "smt", "place": true}, {"pos_x": 246.0625, "pos_y": -138.90625, "rotation": 120.0, "side": "bottom", "designator": "D54", "mpn": null, "pack": "D_SOD-123", "value": "D", "mount_type": "smt", "place": true}, {"pos_x": 369.09375, "pos_y": -64.29375, "rotation": 90.0, "side": "bottom", "designator": "D28", "mpn": null, "pack": "D_SOD-123", "value": "D", "mount_type": "smt", "place": true}, {"pos_x": 126.20625, "pos_y": -80.9625, "rotation": 90.0, "side": "bottom", "designator": "D34", "mpn": null, "pack": "D_SOD-123", "value": "D", "mount_type": "smt", "place": true}, {"pos_x": 88.10625, "pos_y": -95.25, "rotation": 90.0, "side": "bottom", "designator": "D48", "mpn": null, "pack": "D_SOD-123", "value": "D", "mount_type": "smt", "place": true}, {"pos_x": 307.975, "pos_y": -125.4125, "rotation": 180.0, "side": "bottom", "designator": "D103", "mpn": null, "pack": "LED_WS2812B_PLCC4_5.0x5.0mm_P3.2mm", "value": "WS2812B", "mount_type": "smt", "place": true}, {"pos_x": 169.8625, "pos_y": -142.875, "rotation": 60.0, "side": "bottom", "designator": "D67", "mpn": null, "pack": "D_SOD-123", "value": "D", "mount_type": "smt", "place": true}, {"pos_x": 211.1375, "pos_y": -97.6313, "rotation": 180.0, "side": "bottom", "designator": "C11", "mpn": null, "pack": "C_0402_1005Metric", "value": "100n", "mount_type": "smt", "place": true}, {"pos_x": 369.09375, "pos_y": -45.24375, "rotation": 90.0, "side": "bottom", "designator": "D14", "mpn": null, "pack": "D_SOD-123", "value": "D", "mount_type": "smt", "place": true}, {"pos_x": 307.18125, "pos_y": -76.2, "rotation": 90.0, "side": "bottom", "designator": "D41", "mpn": null, "pack": "D_SOD-123", "value": "D", "mount_type": "smt", "place": true}, {"pos_x": 269.08125, "pos_y": -80.9625, "rotation": 90.0, "side": "bottom", "designator": "D39", "mpn": null, "pack": "D_SOD-123", "value": "D", "mount_type": "smt", "place": true}, {"pos_x": 228.95, "pos_y": -48.35, "rotation": 90.0, "side": "bottom", "designator": "R1", "mpn": null, "pack": "C_0402_1005Metric", "value": "1k", "mount_type": "smt", "place": true}, {"pos_x": 50.00625, "pos_y": -102.39375, "rotation": 90.0, "side": "bottom", "designator": "D46", "mpn": null, "pack": "D_SOD-123", "value": "D", "mount_type": "smt", "place": true}, {"pos_x": 326.23125, "pos_y": -59.53125, "rotation": 90.0, "side": "bottom", "designator": "D26", "mpn": null, "pack": "D_SOD-123", "value": "D", "mount_type": "smt", "place": true}, {"pos_x": 80.9625, "pos_y": -125.4125, "rotation": 180.0, "side": "bottom", "designator": "D106", "mpn": null, "pack": "LED_WS2812B_PLCC4_5.0x5.0mm_P3.2mm", "value": "WS2812B", "mount_type": "smt", "place": true}, {"pos_x": 326.23125, "pos_y": -116.68125, "rotation": 90.0, "side": "bottom", "designator": "D74", "mpn": null, "pack": "D_SOD-123", "value": "D", "mount_type": "smt", "place": true}, {"pos_x": 211.1375, "pos_y": -74.6125, "rotation": 180.0, "side": "bottom", "designator": "C13", "mpn": null, "pack": "C_0402_1005Metric", "value": "100n", "mount_type": "smt", "place": true}, {"pos_x": 26.19375, "pos_y": -102.39375, "rotation": 90.0, "side": "bottom", "designator": "D45", "mpn": null, "pack": "D_SOD-123", "value": "D", "mount_type": "smt", "place": true}, {"pos_x": 26.19375, "pos_y": -64.29375, "rotation": 90.0, "side": "bottom", "designator": "D15", "mpn": null, "pack": "D_SOD-123", "value": "D", "mount_type": "smt", "place": true}, {"pos_x": 229.39375, "pos_y": -45.24375, "rotation": 90.0, "side": "bottom", "designator": "J1", "mpn": null, "pack": "PinHeader_1x02_P2.54mm_Vertical", "value": "Conn_01x02", "mount_type": "tht", "place": true}, {"pos_x": 307.18125, "pos_y": -95.25, "rotation": 90.0, "side": "bottom", "designator": "D57", "mpn": null, "pack": "D_SOD-123", "value": "D", "mount_type": "smt", "place": true}, {"pos_x": 107.15625, "pos_y": -78.58125, "rotation": 90.0, "side": "bottom", "designator": "D33", "mpn": null, "pack": "D_SOD-123", "value": "D", "mount_type": "smt", "place": true}, {"pos_x": 229.4, "pos_y": -51.15, "rotation": 180.0, "side": "bottom", "designator": "R2", "mpn": null, "pack": "C_0402_1005Metric", "value": "DNF", "mount_type": "smt", "place": true}, {"pos_x": 205.4, "pos_y": -43.55, "rotation": 180.0, "side": "bottom", "designator": "U1", "mpn": null, "pack": "SOT-223-3_TabPin2", "value": "NCP1117-3.3_SOT223", "mount_type": "smt", "place": true}, {"pos_x": 88.10625, "pos_y": -38.1, "rotation": 90.0, "side": "bottom", "designator": "D4", "mpn": null, "pack": "D_SOD-123", "value": "D", "mount_type": "smt", "place": true}, {"pos_x": 307.18125, "pos_y": -114.3, "rotation": 90.0, "side": "bottom", "designator": "D73", "mpn": null, "pack": "D_SOD-123", "value": "D", "mount_type": "smt", "place": true}, {"pos_x": 126.20625, "pos_y": -42.8625, "rotation": 90.0, "side": "bottom", "designator": "D6", "mpn": null, "pack": "D_SOD-123", "value": "D", "mount_type": "smt", "place": true}, {"pos_x": 160.3375, "pos_y": -159.54375, "rotation": 60.0, "side": "bottom", "designator": "D66", "mpn": null, "pack": "D_SOD-123", "value": "D", "mount_type": "smt", "place": true}, {"pos_x": 326.23125, "pos_y": -78.58125, "rotation": 90.0, "side": "bottom", "designator": "D42", "mpn": null, "pack": "D_SOD-123", "value": "D", "mount_type": "smt", "place": true}, {"pos_x": 224.63125, "pos_y": -139.7, "rotation": 120.0, "side": "bottom", "designator": "D70", "mpn": null, "pack": "D_SOD-123", "value": "D", "mount_type": "smt", "place": true}]